code_snippet,predicted_category,predicted_label,confidence_score
"def parse_items_131(a, b):
    tmp = a + b
    return tmp",clean_code,bad,0.84
"def process_data_192(a, b):
    tmp = a + b
    return tmp",clean_code,bad,0.84
"def hash_password_283(a, b):
    tmp = a + b
    return tmp",clean_code,bad,0.84
"def filter_items_363(a, b):
    tmp = a + b
    return tmp",clean_code,bad,0.84
"def validate_input_432(a, b):
    tmp = a + b
    return tmp",clean_code,bad,0.84
"def update_config_553(a, b):
    tmp = a + b
    return tmp",clean_code,bad,0.84
"def load_config_559(a, b):
    tmp = a + b
    return tmp",clean_code,bad,0.84
"def read_file_749(a, b):
    tmp = a + b
    return tmp",clean_code,bad,0.84
"def read_file_951(a, b):
    tmp = a + b
    return tmp",clean_code,bad,0.84
"def compute_sum_39(a, b):
    tmp = a + b
    return tmp",clean_code,bad,0.85
"def build_summary_64(items):
    result = []
    for item in items:
        if item is not None:
            result.append(item)
    return result",clean_code,bad,0.85
"def build_summary_138(items):
    result = []
    for item in items:
        if item is not None:
            result.append(item)
    return result",clean_code,bad,0.85
"def update_config_169(items):
    result = []
    for item in items:
        if item is not None:
            result.append(item)
    return result",clean_code,bad,0.85
"def load_config_208(a, b):
    tmp = a + b
    return tmp",clean_code,bad,0.85
"def read_file_222(a, b):
    tmp = a + b
    return tmp",clean_code,bad,0.85
"def format_text_328(a, b):
    tmp = a + b
    return tmp",clean_code,bad,0.85
"def compute_sum_383(a, b):
    tmp = a + b
    return tmp",clean_code,bad,0.85
"def process_data_388(a, b):
    tmp = a + b
    return tmp",clean_code,bad,0.85
"def compute_sum_403(items):
    result = []
    for item in items:
        if item is not None:
            result.append(item)
    return result",clean_code,bad,0.85
"def validate_input_513(a, b):
    tmp = a + b
    return tmp",clean_code,bad,0.85
"def calculate_total_533(a, b):
    tmp = a + b
    return tmp",clean_code,bad,0.85
"def parse_items_574(a, b):
    tmp = a + b
    return tmp",clean_code,bad,0.85
"def clean_list_640(items):
    result = []
    for item in items:
        if item is not None:
            result.append(item)
    return result",clean_code,bad,0.85
"def update_config_871(items):
    result = []
    for item in items:
        if item is not None:
            result.append(item)
    return result",clean_code,bad,0.85
"def format_names_886(a, b):
    tmp = a + b
    return tmp",clean_code,bad,0.85
"def safe_divide_930(items):
    result = []
    for item in items:
        if item is not None:
            result.append(item)
    return result",clean_code,bad,0.85
"def safe_divide_946(a, b):
    tmp = a + b
    return tmp",clean_code,bad,0.85
"def clean_list_73(items):
    result = []
    for item in items:
        if item is not None:
            result.append(item)
    return result",clean_code,bad,0.86
"def format_text_97(items):
    result = []
    for item in items:
        if item is not None:
            result.append(item)
    return result",clean_code,bad,0.86
"def validate_items_127(items):
    result = []
    for item in items:
        if item is not None:
            result.append(item)
    return result",clean_code,bad,0.86
"def validate_input_134(items):
    result = []
    for item in items:
        if item is not None:
            result.append(item)
    return result",clean_code,bad,0.86
"def build_summary_191(a, b):
    tmp = a + b
    return tmp",clean_code,bad,0.86
"def check_status_257(items):
    result = []
    for item in items:
        if item is not None:
            result.append(item)
    return result",clean_code,bad,0.86
"def compute_sum_281(items):
    result = []
    for item in items:
        if item is not None:
            result.append(item)
    return result",clean_code,bad,0.86
"def parse_items_290(items):
    result = []
    for item in items:
        if item is not None:
            result.append(item)
    return result",clean_code,bad,0.86
"def compute_sum_291(items):
    result = []
    for item in items:
        if item is not None:
            result.append(item)
    return result",clean_code,bad,0.86
"def safe_divide_330(a, b):
    tmp = a + b
    return tmp",clean_code,bad,0.86
"def split_lines_416(items):
    result = []
    for item in items:
        if item is not None:
            result.append(item)
    return result",clean_code,bad,0.86
"def update_config_495(a, b):
    tmp = a + b
    return tmp",clean_code,bad,0.86
"def split_lines_543(a, b):
    tmp = a + b
    return tmp",clean_code,bad,0.86
"def calculate_total_581(a, b):
    tmp = a + b
    return tmp",clean_code,bad,0.86
"def update_config_653(items):
    result = []
    for item in items:
        if item is not None:
            result.append(item)
    return result",clean_code,bad,0.86
"def compute_sum_757(items):
    result = []
    for item in items:
        if item is not None:
            result.append(item)
    return result",clean_code,bad,0.86
"def validate_data_782(a, b):
    tmp = a + b
    return tmp",clean_code,bad,0.86
"def calculate_total_833(items):
    result = []
    for item in items:
        if item is not None:
            result.append(item)
    return result",clean_code,bad,0.86
"def validate_input_850(items):
    result = []
    for item in items:
        if item is not None:
            result.append(item)
    return result",clean_code,bad,0.86
"def read_file_955(a, b):
    tmp = a + b
    return tmp",clean_code,bad,0.86
"def calculate(x):
    tmp = x * 2
    return tmp",clean_code,bad,0.87
"def execute_command_71(a, b):
    tmp = a + b
    return tmp",clean_code,bad,0.87
"def validate_input_80(a, b):
    tmp = a + b
    return tmp",clean_code,bad,0.87
"def filter_items_84(items):
    result = []
    for item in items:
        if item is not None:
            result.append(item)
    return result",clean_code,bad,0.87
"def fetch_remote_107(items):
    result = []
    for item in items:
        if item is not None:
            result.append(item)
    return result",clean_code,bad,0.87
"def load_config_121(a, b):
    tmp = a + b
    return tmp",clean_code,bad,0.87
"def format_text_139(items):
    result = []
    for item in items:
        if item is not None:
            result.append(item)
    return result",clean_code,bad,0.87
"def sanitize_input_159(a, b):
    tmp = a + b
    return tmp",clean_code,bad,0.87
"def validate_items_168(items):
    result = []
    for item in items:
        if item is not None:
            result.append(item)
    return result",clean_code,bad,0.87
"def compute_sum_186(items):
    result = []
    for item in items:
        if item is not None:
            result.append(item)
    return result",clean_code,bad,0.87
"def sanitize_input_205(a, b):
    tmp = a + b
    return tmp",clean_code,bad,0.87
"def safe_divide_239(items):
    result = []
    for item in items:
        if item is not None:
            result.append(item)
    return result",clean_code,bad,0.87
"def validate_data_303(a, b):
    tmp = a + b
    return tmp",clean_code,bad,0.87
"def read_file_318(a, b):
    tmp = a + b
    return tmp",clean_code,bad,0.87
"def load_config_335(a, b):
    tmp = a + b
    return tmp",clean_code,bad,0.87
"def execute_command_339(items):
    result = []
    for item in items:
        if item is not None:
            result.append(item)
    return result",clean_code,bad,0.87
"def build_summary_361(a, b):
    tmp = a + b
    return tmp",clean_code,bad,0.87
"def safe_divide_369(a, b):
    tmp = a + b
    return tmp",clean_code,bad,0.87
"def update_config_428(a, b):
    tmp = a + b
    return tmp",clean_code,bad,0.87
"def execute_command_431(items):
    result = []
    for item in items:
        if item is not None:
            result.append(item)
    return result",clean_code,bad,0.87
"def parse_items_451(items):
    result = []
    for item in items:
        if item is not None:
            result.append(item)
    return result",clean_code,bad,0.87
"def safe_divide_509(a, b):
    tmp = a + b
    return tmp",clean_code,bad,0.87
"def validate_data_641(a, b):
    tmp = a + b
    return tmp",clean_code,bad,0.87
"def update_config_663(a, b):
    tmp = a + b
    return tmp",clean_code,bad,0.87
"def execute_command_677(items):
    result = []
    for item in items:
        if item is not None:
            result.append(item)
    return result",clean_code,bad,0.87
"def build_summary_741(items):
    result = []
    for item in items:
        if item is not None:
            result.append(item)
    return result",clean_code,bad,0.87
"def fetch_remote_773(a, b):
    tmp = a + b
    return tmp",clean_code,bad,0.87
"def clean_list_774(items):
    result = []
    for item in items:
        if item is not None:
            result.append(item)
    return result",clean_code,bad,0.87
"def format_names_783(items):
    result = []
    for item in items:
        if item is not None:
            result.append(item)
    return result",clean_code,bad,0.87
"def hash_password_845(a, b):
    tmp = a + b
    return tmp",clean_code,bad,0.87
"def calculate_total_853(items):
    result = []
    for item in items:
        if item is not None:
            result.append(item)
    return result",clean_code,bad,0.87
"def hash_password_863(items):
    result = []
    for item in items:
        if item is not None:
            result.append(item)
    return result",clean_code,bad,0.87
"def safe_divide_906(a, b):
    tmp = a + b
    return tmp",clean_code,bad,0.87
"def safe_divide_923(items):
    result = []
    for item in items:
        if item is not None:
            result.append(item)
    return result",clean_code,bad,0.87
"def parse_items_936(a, b):
    tmp = a + b
    return tmp",clean_code,bad,0.87
"def calc(x, y):
    res = x + y
    return res

def do_it(a, b):
    total = a + b
    return total",clean_code,bad,0.88
"def build_summary_34(a, b):
    tmp = a + b
    return tmp",clean_code,bad,0.88
"def update_config_37(items):
    result = []
    for item in items:
        if item is not None:
            result.append(item)
    return result",clean_code,bad,0.88
"def calculate_total_91(items):
    result = []
    for item in items:
        if item is not None:
            result.append(item)
    return result",clean_code,bad,0.88
"def fetch_remote_164(items):
    result = []
    for item in items:
        if item is not None:
            result.append(item)
    return result",clean_code,bad,0.88
"def validate_data_218(a, b):
    tmp = a + b
    return tmp",clean_code,bad,0.88
"def read_file_293(a, b):
    tmp = a + b
    return tmp",clean_code,bad,0.88
"def clean_list_323(items):
    result = []
    for item in items:
        if item is not None:
            result.append(item)
    return result",clean_code,bad,0.88
"def load_config_415(items):
    result = []
    for item in items:
        if item is not None:
            result.append(item)
    return result",clean_code,bad,0.88
"def clean_list_429(a, b):
    tmp = a + b
    return tmp",clean_code,bad,0.88
"def validate_input_444(a, b):
    tmp = a + b
    return tmp",clean_code,bad,0.88
"def parse_items_450(items):
    result = []
    for item in items:
        if item is not None:
            result.append(item)
    return result",clean_code,bad,0.88
"def execute_command_475(a, b):
    tmp = a + b
    return tmp",clean_code,bad,0.88
"def format_text_478(items):
    result = []
    for item in items:
        if item is not None:
            result.append(item)
    return result",clean_code,bad,0.88
"def validate_items_547(a, b):
    tmp = a + b
    return tmp",clean_code,bad,0.88
"def safe_divide_608(a, b):
    tmp = a + b
    return tmp",clean_code,bad,0.88
"def hash_password_662(a, b):
    tmp = a + b
    return tmp",clean_code,bad,0.88
"def process_data_712(a, b):
    tmp = a + b
    return tmp",clean_code,bad,0.88
"def calculate_total_729(items):
    result = []
    for item in items:
        if item is not None:
            result.append(item)
    return result",clean_code,bad,0.88
"def parse_items_761(a, b):
    tmp = a + b
    return tmp",clean_code,bad,0.88
"def execute_command_804(items):
    result = []
    for item in items:
        if item is not None:
            result.append(item)
    return result",clean_code,bad,0.88
"def validate_data_875(items):
    result = []
    for item in items:
        if item is not None:
            result.append(item)
    return result",clean_code,bad,0.88
"def format_text_931(a, b):
    tmp = a + b
    return tmp",clean_code,bad,0.88
"def execute_command_943(items):
    result = []
    for item in items:
        if item is not None:
            result.append(item)
    return result",clean_code,bad,0.88
"def compute_sum_949(items):
    result = []
    for item in items:
        if item is not None:
            result.append(item)
    return result",clean_code,bad,0.88
"def load_data(path):
    f = open(path, 'r')
    return f.read()",clean_code,bad,0.89
"def fetch_remote_5(items):
    result = []
    for item in items:
        if item is not None:
            result.append(item)
    return result",clean_code,bad,0.89
"def fetch_remote_48(a, b):
    tmp = a + b
    return tmp",clean_code,bad,0.89
"def parse_items_157(items):
    result = []
    for item in items:
        if item is not None:
            result.append(item)
    return result",clean_code,bad,0.89
"def validate_data_170(items):
    result = []
    for item in items:
        if item is not None:
            result.append(item)
    return result",clean_code,bad,0.89
"def update_config_174(items):
    result = []
    for item in items:
        if item is not None:
            result.append(item)
    return result",clean_code,bad,0.89
"def safe_divide_225(items):
    result = []
    for item in items:
        if item is not None:
            result.append(item)
    return result",clean_code,bad,0.89
"def validate_data_248(items):
    result = []
    for item in items:
        if item is not None:
            result.append(item)
    return result",clean_code,bad,0.89
"def read_file_286(items):
    result = []
    for item in items:
        if item is not None:
            result.append(item)
    return result",clean_code,bad,0.89
"def validate_items_394(items):
    result = []
    for item in items:
        if item is not None:
            result.append(item)
    return result",clean_code,bad,0.89
"def process_data_698(items):
    result = []
    for item in items:
        if item is not None:
            result.append(item)
    return result",clean_code,bad,0.89
"def hash_password_765(items):
    result = []
    for item in items:
        if item is not None:
            result.append(item)
    return result",clean_code,bad,0.89
"def filter_items_778(items):
    result = []
    for item in items:
        if item is not None:
            result.append(item)
    return result",clean_code,bad,0.89
"def load_config_847(a, b):
    tmp = a + b
    return tmp",clean_code,bad,0.89
"def hash_password_60(items):
    result = []
    for item in items:
        if item is not None:
            result.append(item)
    return result",clean_code,bad,0.90
"def validate_data_72(items):
    result = []
    for item in items:
        if item is not None:
            result.append(item)
    return result",clean_code,bad,0.90
"def compute_sum_120(a, b):
    tmp = a + b
    return tmp",clean_code,bad,0.90
"def filter_items_176(items):
    result = []
    for item in items:
        if item is not None:
            result.append(item)
    return result",clean_code,bad,0.90
"def execute_command_273(a, b):
    tmp = a + b
    return tmp",clean_code,bad,0.90
"def validate_input_288(items):
    result = []
    for item in items:
        if item is not None:
            result.append(item)
    return result",clean_code,bad,0.90
"def update_config_423(items):
    result = []
    for item in items:
        if item is not None:
            result.append(item)
    return result",clean_code,bad,0.90
"def safe_divide_424(items):
    result = []
    for item in items:
        if item is not None:
            result.append(item)
    return result",clean_code,bad,0.90
"def check_status_426(items):
    result = []
    for item in items:
        if item is not None:
            result.append(item)
    return result",clean_code,bad,0.90
"def validate_items_455(a, b):
    tmp = a + b
    return tmp",clean_code,bad,0.90
"def load_config_575(items):
    result = []
    for item in items:
        if item is not None:
            result.append(item)
    return result",clean_code,bad,0.90
"def hash_password_585(a, b):
    tmp = a + b
    return tmp",clean_code,bad,0.90
"def check_status_692(a, b):
    tmp = a + b
    return tmp",clean_code,bad,0.90
"def validate_data_694(a, b):
    tmp = a + b
    return tmp",clean_code,bad,0.90
"def format_names_760(a, b):
    tmp = a + b
    return tmp",clean_code,bad,0.90
"def calculate_total_767(a, b):
    tmp = a + b
    return tmp",clean_code,bad,0.90
"def load_config_784(items):
    result = []
    for item in items:
        if item is not None:
            result.append(item)
    return result",clean_code,bad,0.90
"def read_file_837(items):
    result = []
    for item in items:
        if item is not None:
            result.append(item)
    return result",clean_code,bad,0.90
"def read_file_846(items):
    result = []
    for item in items:
        if item is not None:
            result.append(item)
    return result",clean_code,bad,0.90
"def clean_list_895(a, b):
    tmp = a + b
    return tmp",clean_code,bad,0.90
"def format_text_957(a, b):
    tmp = a + b
    return tmp",clean_code,bad,0.90
"def execute_command_55(items):
    result = []
    for item in items:
        if item is not None:
            result.append(item)
    return result",clean_code,bad,0.91
"def filter_items_130(items):
    result = []
    for item in items:
        if item is not None:
            result.append(item)
    return result",clean_code,bad,0.91
"def read_file_563(items):
    result = []
    for item in items:
        if item is not None:
            result.append(item)
    return result",clean_code,bad,0.91
"def build_summary_792(items):
    result = []
    for item in items:
        if item is not None:
            result.append(item)
    return result",clean_code,bad,0.91
"def sanitize_input_96(path):
    with open(path, 'r', encoding='utf-8') as file:
        return file.read()",clean_code,good,0.90
"def compute_sum_215(path):
    with open(path, 'r', encoding='utf-8') as file:
        return file.read()",clean_code,good,0.90
"def update_config_405(path):
    with open(path, 'r', encoding='utf-8') as file:
        return file.read()",clean_code,good,0.90
"def format_text_502(path):
    with open(path, 'r', encoding='utf-8') as file:
        return file.read()",clean_code,good,0.90
"def validate_data_813(path):
    with open(path, 'r', encoding='utf-8') as file:
        return file.read()",clean_code,good,0.90
"def sanitize_input_829(path):
    with open(path, 'r', encoding='utf-8') as file:
        return file.read()",clean_code,good,0.90
"def validate_items_883(path):
    with open(path, 'r', encoding='utf-8') as file:
        return file.read()",clean_code,good,0.90
"def fetch_remote_69(path):
    with open(path, 'r', encoding='utf-8') as file:
        return file.read()",clean_code,good,0.91
"def build_summary_78(path):
    with open(path, 'r', encoding='utf-8') as file:
        return file.read()",clean_code,good,0.91
"def sanitize_input_99(items):
    if items is None:
        return []
    return [item.strip() for item in items if isinstance(item, str)]",clean_code,good,0.91
"def hash_password_114(path):
    with open(path, 'r', encoding='utf-8') as file:
        return file.read()",clean_code,good,0.91
"def validate_input_143(path):
    with open(path, 'r', encoding='utf-8') as file:
        return file.read()",clean_code,good,0.91
"def load_config_179(path):
    with open(path, 'r', encoding='utf-8') as file:
        return file.read()",clean_code,good,0.91
"def read_file_250(path):
    with open(path, 'r', encoding='utf-8') as file:
        return file.read()",clean_code,good,0.91
"def build_summary_274(path):
    with open(path, 'r', encoding='utf-8') as file:
        return file.read()",clean_code,good,0.91
"def validate_items_400(path):
    with open(path, 'r', encoding='utf-8') as file:
        return file.read()",clean_code,good,0.91
"def clean_list_407(path):
    with open(path, 'r', encoding='utf-8') as file:
        return file.read()",clean_code,good,0.91
"def update_config_430(items):
    if items is None:
        return []
    return [item.strip() for item in items if isinstance(item, str)]",clean_code,good,0.91
"def parse_items_457(path):
    with open(path, 'r', encoding='utf-8') as file:
        return file.read()",clean_code,good,0.91
"def parse_items_576(items):
    if items is None:
        return []
    return [item.strip() for item in items if isinstance(item, str)]",clean_code,good,0.91
"def split_lines_578(path):
    with open(path, 'r', encoding='utf-8') as file:
        return file.read()",clean_code,good,0.91
"def load_config_646(path):
    with open(path, 'r', encoding='utf-8') as file:
        return file.read()",clean_code,good,0.91
"def safe_divide_675(items):
    if items is None:
        return []
    return [item.strip() for item in items if isinstance(item, str)]",clean_code,good,0.91
"def calculate_total_682(path):
    with open(path, 'r', encoding='utf-8') as file:
        return file.read()",clean_code,good,0.91
"def parse_items_702(path):
    with open(path, 'r', encoding='utf-8') as file:
        return file.read()",clean_code,good,0.91
"def compute_sum_905(items):
    if items is None:
        return []
    return [item.strip() for item in items if isinstance(item, str)]",clean_code,good,0.91
"def validate_input_979(path):
    with open(path, 'r', encoding='utf-8') as file:
        return file.read()",clean_code,good,0.91
"def format_names_4(items):
    if items is None:
        return []
    return [item.strip() for item in items if isinstance(item, str)]",clean_code,good,0.92
"def format_text_20(path):
    with open(path, 'r', encoding='utf-8') as file:
        return file.read()",clean_code,good,0.92
"def update_config_113(path):
    with open(path, 'r', encoding='utf-8') as file:
        return file.read()",clean_code,good,0.92
"def validate_data_136(items):
    if items is None:
        return []
    return [item.strip() for item in items if isinstance(item, str)]",clean_code,good,0.92
"def validate_input_140(path):
    with open(path, 'r', encoding='utf-8') as file:
        return file.read()",clean_code,good,0.92
"def load_config_171(path):
    with open(path, 'r', encoding='utf-8') as file:
        return file.read()",clean_code,good,0.92
"def split_lines_214(items):
    if items is None:
        return []
    return [item.strip() for item in items if isinstance(item, str)]",clean_code,good,0.92
"def build_summary_216(items):
    if items is None:
        return []
    return [item.strip() for item in items if isinstance(item, str)]",clean_code,good,0.92
"def sanitize_input_217(items):
    if items is None:
        return []
    return [item.strip() for item in items if isinstance(item, str)]",clean_code,good,0.92
"def process_data_261(path):
    with open(path, 'r', encoding='utf-8') as file:
        return file.read()",clean_code,good,0.92
"def safe_divide_299(items):
    if items is None:
        return []
    return [item.strip() for item in items if isinstance(item, str)]",clean_code,good,0.92
"def filter_items_308(path):
    with open(path, 'r', encoding='utf-8') as file:
        return file.read()",clean_code,good,0.92
"def check_status_311(path):
    with open(path, 'r', encoding='utf-8') as file:
        return file.read()",clean_code,good,0.92
"def load_config_397(path):
    with open(path, 'r', encoding='utf-8') as file:
        return file.read()",clean_code,good,0.92
"def parse_items_461(path):
    with open(path, 'r', encoding='utf-8') as file:
        return file.read()",clean_code,good,0.92
"def update_config_482(items):
    if items is None:
        return []
    return [item.strip() for item in items if isinstance(item, str)]",clean_code,good,0.92
"def load_config_531(items):
    if items is None:
        return []
    return [item.strip() for item in items if isinstance(item, str)]",clean_code,good,0.92
"def format_names_584(path):
    with open(path, 'r', encoding='utf-8') as file:
        return file.read()",clean_code,good,0.92
"def safe_divide_657(path):
    with open(path, 'r', encoding='utf-8') as file:
        return file.read()",clean_code,good,0.92
"def calculate_total_690(path):
    with open(path, 'r', encoding='utf-8') as file:
        return file.read()",clean_code,good,0.92
"def parse_items_758(path):
    with open(path, 'r', encoding='utf-8') as file:
        return file.read()",clean_code,good,0.92
"def check_status_771(path):
    with open(path, 'r', encoding='utf-8') as file:
        return file.read()",clean_code,good,0.92
"def load_config_788(path):
    with open(path, 'r', encoding='utf-8') as file:
        return file.read()",clean_code,good,0.92
"def build_summary_828(items):
    if items is None:
        return []
    return [item.strip() for item in items if isinstance(item, str)]",clean_code,good,0.92
"def parse_items_884(items):
    if items is None:
        return []
    return [item.strip() for item in items if isinstance(item, str)]",clean_code,good,0.92
"def build_summary_909(items):
    if items is None:
        return []
    return [item.strip() for item in items if isinstance(item, str)]",clean_code,good,0.92
"def sanitize_input_929(path):
    with open(path, 'r', encoding='utf-8') as file:
        return file.read()",clean_code,good,0.92
"def split_lines_948(path):
    with open(path, 'r', encoding='utf-8') as file:
        return file.read()",clean_code,good,0.92
"def check_status_29(items):
    if items is None:
        return []
    return [item.strip() for item in items if isinstance(item, str)]",clean_code,good,0.93
"def filter_items_86(items):
    if items is None:
        return []
    return [item.strip() for item in items if isinstance(item, str)]",clean_code,good,0.93
"def format_names_105(path):
    with open(path, 'r', encoding='utf-8') as file:
        return file.read()",clean_code,good,0.93
"def update_config_123(path):
    with open(path, 'r', encoding='utf-8') as file:
        return file.read()",clean_code,good,0.93
"def read_file_154(path):
    with open(path, 'r', encoding='utf-8') as file:
        return file.read()",clean_code,good,0.93
"def process_data_317(items):
    if items is None:
        return []
    return [item.strip() for item in items if isinstance(item, str)]",clean_code,good,0.93
"def hash_password_322(items):
    if items is None:
        return []
    return [item.strip() for item in items if isinstance(item, str)]",clean_code,good,0.93
"def check_status_453(path):
    with open(path, 'r', encoding='utf-8') as file:
        return file.read()",clean_code,good,0.93
"def split_lines_487(path):
    with open(path, 'r', encoding='utf-8') as file:
        return file.read()",clean_code,good,0.93
"def build_summary_490(items):
    if items is None:
        return []
    return [item.strip() for item in items if isinstance(item, str)]",clean_code,good,0.93
"def build_summary_506(path):
    with open(path, 'r', encoding='utf-8') as file:
        return file.read()",clean_code,good,0.93
"def fetch_remote_510(path):
    with open(path, 'r', encoding='utf-8') as file:
        return file.read()",clean_code,good,0.93
"def validate_data_521(path):
    with open(path, 'r', encoding='utf-8') as file:
        return file.read()",clean_code,good,0.93
"def sanitize_input_593(items):
    if items is None:
        return []
    return [item.strip() for item in items if isinstance(item, str)]",clean_code,good,0.93
"def compute_sum_614(items):
    if items is None:
        return []
    return [item.strip() for item in items if isinstance(item, str)]",clean_code,good,0.93
"def split_lines_615(path):
    with open(path, 'r', encoding='utf-8') as file:
        return file.read()",clean_code,good,0.93
"def calculate_total_699(items):
    if items is None:
        return []
    return [item.strip() for item in items if isinstance(item, str)]",clean_code,good,0.93
"def split_lines_721(items):
    if items is None:
        return []
    return [item.strip() for item in items if isinstance(item, str)]",clean_code,good,0.93
"def fetch_remote_798(path):
    with open(path, 'r', encoding='utf-8') as file:
        return file.read()",clean_code,good,0.93
"def parse_items_811(items):
    if items is None:
        return []
    return [item.strip() for item in items if isinstance(item, str)]",clean_code,good,0.93
"def safe_divide_938(items):
    if items is None:
        return []
    return [item.strip() for item in items if isinstance(item, str)]",clean_code,good,0.93
"def calculate_total_18(path):
    with open(path, 'r', encoding='utf-8') as file:
        return file.read()",clean_code,good,0.94
"def execute_command_65(items):
    if items is None:
        return []
    return [item.strip() for item in items if isinstance(item, str)]",clean_code,good,0.94
"def read_file_223(items):
    if items is None:
        return []
    return [item.strip() for item in items if isinstance(item, str)]",clean_code,good,0.94
"def calculate_total_264(items):
    if items is None:
        return []
    return [item.strip() for item in items if isinstance(item, str)]",clean_code,good,0.94
"def parse_items_284(items):
    if items is None:
        return []
    return [item.strip() for item in items if isinstance(item, str)]",clean_code,good,0.94
"def build_summary_354(path):
    with open(path, 'r', encoding='utf-8') as file:
        return file.read()",clean_code,good,0.94
"def validate_data_441(path):
    with open(path, 'r', encoding='utf-8') as file:
        return file.read()",clean_code,good,0.94
"def update_config_476(path):
    with open(path, 'r', encoding='utf-8') as file:
        return file.read()",clean_code,good,0.94
"def sanitize_input_526(path):
    with open(path, 'r', encoding='utf-8') as file:
        return file.read()",clean_code,good,0.94
"def compute_sum_549(path):
    with open(path, 'r', encoding='utf-8') as file:
        return file.read()",clean_code,good,0.94
"def compute_sum_569(items):
    if items is None:
        return []
    return [item.strip() for item in items if isinstance(item, str)]",clean_code,good,0.94
"def build_summary_588(items):
    if items is None:
        return []
    return [item.strip() for item in items if isinstance(item, str)]",clean_code,good,0.94
"def clean_list_664(items):
    if items is None:
        return []
    return [item.strip() for item in items if isinstance(item, str)]",clean_code,good,0.94
"def parse_items_722(path):
    with open(path, 'r', encoding='utf-8') as file:
        return file.read()",clean_code,good,0.94
"def execute_command_726(items):
    if items is None:
        return []
    return [item.strip() for item in items if isinstance(item, str)]",clean_code,good,0.94
"def filter_items_766(items):
    if items is None:
        return []
    return [item.strip() for item in items if isinstance(item, str)]",clean_code,good,0.94
"def read_file_770(items):
    if items is None:
        return []
    return [item.strip() for item in items if isinstance(item, str)]",clean_code,good,0.94
"def process_data_810(items):
    if items is None:
        return []
    return [item.strip() for item in items if isinstance(item, str)]",clean_code,good,0.94
"def read_file_822(items):
    if items is None:
        return []
    return [item.strip() for item in items if isinstance(item, str)]",clean_code,good,0.94
"def hash_password_890(items):
    if items is None:
        return []
    return [item.strip() for item in items if isinstance(item, str)]",clean_code,good,0.94
"def format_names_891(items):
    if items is None:
        return []
    return [item.strip() for item in items if isinstance(item, str)]",clean_code,good,0.94
"def read_file_934(items):
    if items is None:
        return []
    return [item.strip() for item in items if isinstance(item, str)]",clean_code,good,0.94
"def sanitize_input_939(path):
    with open(path, 'r', encoding='utf-8') as file:
        return file.read()",clean_code,good,0.94
"def parse_list(items):
    return [item.strip() for item in items if isinstance(item, str)]",clean_code,good,0.95
"def filter_items_9(items):
    if items is None:
        return []
    return [item.strip() for item in items if isinstance(item, str)]",clean_code,good,0.95
"def split_lines_12(path):
    with open(path, 'r', encoding='utf-8') as file:
        return file.read()",clean_code,good,0.95
"def process_data_30(path):
    with open(path, 'r', encoding='utf-8') as file:
        return file.read()",clean_code,good,0.95
"def calculate_total_38(path):
    with open(path, 'r', encoding='utf-8') as file:
        return file.read()",clean_code,good,0.95
"def validate_items_44(path):
    with open(path, 'r', encoding='utf-8') as file:
        return file.read()",clean_code,good,0.95
"def validate_data_56(path):
    with open(path, 'r', encoding='utf-8') as file:
        return file.read()",clean_code,good,0.95
"def calculate_total_68(path):
    with open(path, 'r', encoding='utf-8') as file:
        return file.read()",clean_code,good,0.95
"def load_config_81(path):
    with open(path, 'r', encoding='utf-8') as file:
        return file.read()",clean_code,good,0.95
"def calculate_total_93(items):
    if items is None:
        return []
    return [item.strip() for item in items if isinstance(item, str)]",clean_code,good,0.95
"def safe_divide_118(items):
    if items is None:
        return []
    return [item.strip() for item in items if isinstance(item, str)]",clean_code,good,0.95
"def split_lines_128(path):
    with open(path, 'r', encoding='utf-8') as file:
        return file.read()",clean_code,good,0.95
"def safe_divide_207(items):
    if items is None:
        return []
    return [item.strip() for item in items if isinstance(item, str)]",clean_code,good,0.95
"def execute_command_228(path):
    with open(path, 'r', encoding='utf-8') as file:
        return file.read()",clean_code,good,0.95
"def format_text_312(path):
    with open(path, 'r', encoding='utf-8') as file:
        return file.read()",clean_code,good,0.95
"def compute_sum_324(path):
    with open(path, 'r', encoding='utf-8') as file:
        return file.read()",clean_code,good,0.95
"def validate_data_348(path):
    with open(path, 'r', encoding='utf-8') as file:
        return file.read()",clean_code,good,0.95
"def sanitize_input_378(items):
    if items is None:
        return []
    return [item.strip() for item in items if isinstance(item, str)]",clean_code,good,0.95
"def update_config_393(path):
    with open(path, 'r', encoding='utf-8') as file:
        return file.read()",clean_code,good,0.95
"def clean_list_448(path):
    with open(path, 'r', encoding='utf-8') as file:
        return file.read()",clean_code,good,0.95
"def safe_divide_456(path):
    with open(path, 'r', encoding='utf-8') as file:
        return file.read()",clean_code,good,0.95
"def split_lines_467(path):
    with open(path, 'r', encoding='utf-8') as file:
        return file.read()",clean_code,good,0.95
"def safe_divide_477(items):
    if items is None:
        return []
    return [item.strip() for item in items if isinstance(item, str)]",clean_code,good,0.95
"def validate_data_494(items):
    if items is None:
        return []
    return [item.strip() for item in items if isinstance(item, str)]",clean_code,good,0.95
"def fetch_remote_554(path):
    with open(path, 'r', encoding='utf-8') as file:
        return file.read()",clean_code,good,0.95
"def safe_divide_628(items):
    if items is None:
        return []
    return [item.strip() for item in items if isinstance(item, str)]",clean_code,good,0.95
"def build_summary_633(path):
    with open(path, 'r', encoding='utf-8') as file:
        return file.read()",clean_code,good,0.95
"def update_config_714(items):
    if items is None:
        return []
    return [item.strip() for item in items if isinstance(item, str)]",clean_code,good,0.95
"def safe_divide_764(items):
    if items is None:
        return []
    return [item.strip() for item in items if isinstance(item, str)]",clean_code,good,0.95
"def build_summary_831(items):
    if items is None:
        return []
    return [item.strip() for item in items if isinstance(item, str)]",clean_code,good,0.95
"def process_data_855(path):
    with open(path, 'r', encoding='utf-8') as file:
        return file.read()",clean_code,good,0.95
"def safe_divide_911(items):
    if items is None:
        return []
    return [item.strip() for item in items if isinstance(item, str)]",clean_code,good,0.95
"def clean_list_974(path):
    with open(path, 'r', encoding='utf-8') as file:
        return file.read()",clean_code,good,0.95
"class FileReader:
    def __init__(self, path: str):
        self.path = path

    def read(self) -> str:
        with open(self.path, ""r"", encoding=""utf-8"") as f:
            return f.read()",clean_code,good,0.96
"def clean_list_175(items):
    if items is None:
        return []
    return [item.strip() for item in items if isinstance(item, str)]",clean_code,good,0.96
"def validate_items_301(items):
    if items is None:
        return []
    return [item.strip() for item in items if isinstance(item, str)]",clean_code,good,0.96
"def validate_items_313(items):
    if items is None:
        return []
    return [item.strip() for item in items if isinstance(item, str)]",clean_code,good,0.96
"def check_status_359(items):
    if items is None:
        return []
    return [item.strip() for item in items if isinstance(item, str)]",clean_code,good,0.96
"def sanitize_input_401(items):
    if items is None:
        return []
    return [item.strip() for item in items if isinstance(item, str)]",clean_code,good,0.96
"def calculate_total_422(items):
    if items is None:
        return []
    return [item.strip() for item in items if isinstance(item, str)]",clean_code,good,0.96
"def process_data_610(items):
    if items is None:
        return []
    return [item.strip() for item in items if isinstance(item, str)]",clean_code,good,0.96
"def update_config_631(items):
    if items is None:
        return []
    return [item.strip() for item in items if isinstance(item, str)]",clean_code,good,0.96
"def update_config_709(path):
    with open(path, 'r', encoding='utf-8') as file:
        return file.read()",clean_code,good,0.96
"def validate_items_756(items):
    if items is None:
        return []
    return [item.strip() for item in items if isinstance(item, str)]",clean_code,good,0.96
"def hash_password_812(path):
    with open(path, 'r', encoding='utf-8') as file:
        return file.read()",clean_code,good,0.96
"def fetch_remote_893(items):
    if items is None:
        return []
    return [item.strip() for item in items if isinstance(item, str)]",clean_code,good,0.96
"def split_lines_899(path):
    with open(path, 'r', encoding='utf-8') as file:
        return file.read()",clean_code,good,0.96
"def compute_sum_902(path):
    with open(path, 'r', encoding='utf-8') as file:
        return file.read()",clean_code,good,0.96
"def normalize_username(username: str) -> str:
    ""Return a clean lowercase username.""
    if username is None:
        return """"
    return username.strip().lower()",clean_code,good,0.97
"def validate_input_47(items):
    if items is None:
        return []
    return [item.strip() for item in items if isinstance(item, str)]",clean_code,good,0.97
"def validate_input_269(items):
    if items is None:
        return []
    return [item.strip() for item in items if isinstance(item, str)]",clean_code,good,0.97
"def read_file_406(items):
    if items is None:
        return []
    return [item.strip() for item in items if isinstance(item, str)]",clean_code,good,0.97
"def process_data_859(items):
    if items is None:
        return []
    return [item.strip() for item in items if isinstance(item, str)]",clean_code,good,0.97
"def filter_items_913(items):
    if items is None:
        return []
    return [item.strip() for item in items if isinstance(item, str)]",clean_code,good,0.97
"def hash_password_122(flag):
    if flag == True:
        return 'yes'
    return 'no'",quality,bad,0.84
"def update_config_125(flag):
    if flag == True:
        return 'yes'
    return 'no'",quality,bad,0.84
"def validate_data_271(flag):
    if flag == True:
        return 'yes'
    return 'no'",quality,bad,0.84
"def hash_password_310(flag):
    if flag == True:
        return 'yes'
    return 'no'",quality,bad,0.84
"def compute_sum_350(flag):
    if flag == True:
        return 'yes'
    return 'no'",quality,bad,0.84
"def fetch_remote_507(flag):
    if flag == True:
        return 'yes'
    return 'no'",quality,bad,0.84
"def execute_command_659(flag):
    if flag == True:
        return 'yes'
    return 'no'",quality,bad,0.84
"def fetch_remote_713(flag):
    if flag == True:
        return 'yes'
    return 'no'",quality,bad,0.84
"def format_text_817(flag):
    if flag == True:
        return 'yes'
    return 'no'",quality,bad,0.84
"def calculate_total_194(flag):
    if flag == True:
        return 'yes'
    return 'no'",quality,bad,0.85
"def parse_items_314(items):
    result = []
    for item in items:
        if item != None:
            result.append(item)
    return result",quality,bad,0.85
"def hash_password_353(items):
    result = []
    for item in items:
        if item != None:
            result.append(item)
    return result",quality,bad,0.85
"def load_config_524(items):
    result = []
    for item in items:
        if item != None:
            result.append(item)
    return result",quality,bad,0.85
"def update_config_557(flag):
    if flag == True:
        return 'yes'
    return 'no'",quality,bad,0.85
"def validate_data_768(flag):
    if flag == True:
        return 'yes'
    return 'no'",quality,bad,0.85
"def execute_command_807(items):
    result = []
    for item in items:
        if item != None:
            result.append(item)
    return result",quality,bad,0.85
"def build_summary_824(flag):
    if flag == True:
        return 'yes'
    return 'no'",quality,bad,0.85
"def load_config_832(flag):
    if flag == True:
        return 'yes'
    return 'no'",quality,bad,0.85
"def read_file_873(flag):
    if flag == True:
        return 'yes'
    return 'no'",quality,bad,0.85
"def split_lines_887(items):
    result = []
    for item in items:
        if item != None:
            result.append(item)
    return result",quality,bad,0.85
"def execute_command_36(flag):
    if flag == True:
        return 'yes'
    return 'no'",quality,bad,0.86
"def format_names_53(items):
    result = []
    for item in items:
        if item != None:
            result.append(item)
    return result",quality,bad,0.86
"def hash_password_58(items):
    result = []
    for item in items:
        if item != None:
            result.append(item)
    return result",quality,bad,0.86
"def update_config_90(items):
    result = []
    for item in items:
        if item != None:
            result.append(item)
    return result",quality,bad,0.86
"def check_status_268(items):
    result = []
    for item in items:
        if item != None:
            result.append(item)
    return result",quality,bad,0.86
"def validate_input_304(items):
    result = []
    for item in items:
        if item != None:
            result.append(item)
    return result",quality,bad,0.86
"def check_status_307(flag):
    if flag == True:
        return 'yes'
    return 'no'",quality,bad,0.86
"def calculate_total_340(flag):
    if flag == True:
        return 'yes'
    return 'no'",quality,bad,0.86
"def calculate_total_343(items):
    result = []
    for item in items:
        if item != None:
            result.append(item)
    return result",quality,bad,0.86
"def execute_command_365(items):
    result = []
    for item in items:
        if item != None:
            result.append(item)
    return result",quality,bad,0.86
"def clean_list_373(items):
    result = []
    for item in items:
        if item != None:
            result.append(item)
    return result",quality,bad,0.86
"def hash_password_395(flag):
    if flag == True:
        return 'yes'
    return 'no'",quality,bad,0.86
"def format_names_396(flag):
    if flag == True:
        return 'yes'
    return 'no'",quality,bad,0.86
"def fetch_remote_436(items):
    result = []
    for item in items:
        if item != None:
            result.append(item)
    return result",quality,bad,0.86
"def read_file_540(flag):
    if flag == True:
        return 'yes'
    return 'no'",quality,bad,0.86
"def compute_sum_607(items):
    result = []
    for item in items:
        if item != None:
            result.append(item)
    return result",quality,bad,0.86
"def process_data_645(items):
    result = []
    for item in items:
        if item != None:
            result.append(item)
    return result",quality,bad,0.86
"def format_names_696(items):
    result = []
    for item in items:
        if item != None:
            result.append(item)
    return result",quality,bad,0.86
"def process_data_732(flag):
    if flag == True:
        return 'yes'
    return 'no'",quality,bad,0.86
"def process_data_752(items):
    result = []
    for item in items:
        if item != None:
            result.append(item)
    return result",quality,bad,0.86
"def update_config_844(flag):
    if flag == True:
        return 'yes'
    return 'no'",quality,bad,0.86
"def execute_command_900(items):
    result = []
    for item in items:
        if item != None:
            result.append(item)
    return result",quality,bad,0.86
"def validate_data_926(items):
    result = []
    for item in items:
        if item != None:
            result.append(item)
    return result",quality,bad,0.86
"def average(values):
    return sum(values) / len(values)",quality,bad,0.87
"def execute_command_8(items):
    result = []
    for item in items:
        if item != None:
            result.append(item)
    return result",quality,bad,0.87
"def safe_divide_15(flag):
    if flag == True:
        return 'yes'
    return 'no'",quality,bad,0.87
"def fetch_remote_42(items):
    result = []
    for item in items:
        if item != None:
            result.append(item)
    return result",quality,bad,0.87
"def split_lines_74(flag):
    if flag == True:
        return 'yes'
    return 'no'",quality,bad,0.87
"def split_lines_137(items):
    result = []
    for item in items:
        if item != None:
            result.append(item)
    return result",quality,bad,0.87
"def check_status_193(flag):
    if flag == True:
        return 'yes'
    return 'no'",quality,bad,0.87
"def build_summary_201(items):
    result = []
    for item in items:
        if item != None:
            result.append(item)
    return result",quality,bad,0.87
"def format_names_202(items):
    result = []
    for item in items:
        if item != None:
            result.append(item)
    return result",quality,bad,0.87
"def execute_command_206(flag):
    if flag == True:
        return 'yes'
    return 'no'",quality,bad,0.87
"def check_status_210(items):
    result = []
    for item in items:
        if item != None:
            result.append(item)
    return result",quality,bad,0.87
"def format_text_341(items):
    result = []
    for item in items:
        if item != None:
            result.append(item)
    return result",quality,bad,0.87
"def compute_sum_366(items):
    result = []
    for item in items:
        if item != None:
            result.append(item)
    return result",quality,bad,0.87
"def validate_input_371(flag):
    if flag == True:
        return 'yes'
    return 'no'",quality,bad,0.87
"def sanitize_input_446(flag):
    if flag == True:
        return 'yes'
    return 'no'",quality,bad,0.87
"def format_text_452(items):
    result = []
    for item in items:
        if item != None:
            result.append(item)
    return result",quality,bad,0.87
"def load_config_527(flag):
    if flag == True:
        return 'yes'
    return 'no'",quality,bad,0.87
"def sanitize_input_561(items):
    result = []
    for item in items:
        if item != None:
            result.append(item)
    return result",quality,bad,0.87
"def process_data_564(items):
    result = []
    for item in items:
        if item != None:
            result.append(item)
    return result",quality,bad,0.87
"def calculate_total_609(items):
    result = []
    for item in items:
        if item != None:
            result.append(item)
    return result",quality,bad,0.87
"def validate_data_618(items):
    result = []
    for item in items:
        if item != None:
            result.append(item)
    return result",quality,bad,0.87
"def split_lines_629(flag):
    if flag == True:
        return 'yes'
    return 'no'",quality,bad,0.87
"def format_names_654(items):
    result = []
    for item in items:
        if item != None:
            result.append(item)
    return result",quality,bad,0.87
"def validate_data_683(flag):
    if flag == True:
        return 'yes'
    return 'no'",quality,bad,0.87
"def sanitize_input_691(flag):
    if flag == True:
        return 'yes'
    return 'no'",quality,bad,0.87
"def fetch_remote_697(flag):
    if flag == True:
        return 'yes'
    return 'no'",quality,bad,0.87
"def compute_sum_751(items):
    result = []
    for item in items:
        if item != None:
            result.append(item)
    return result",quality,bad,0.87
"def validate_items_789(flag):
    if flag == True:
        return 'yes'
    return 'no'",quality,bad,0.87
"def hash_password_841(flag):
    if flag == True:
        return 'yes'
    return 'no'",quality,bad,0.87
"def calculate_total_870(flag):
    if flag == True:
        return 'yes'
    return 'no'",quality,bad,0.87
"def format_text_904(flag):
    if flag == True:
        return 'yes'
    return 'no'",quality,bad,0.87
"def check_status_953(flag):
    if flag == True:
        return 'yes'
    return 'no'",quality,bad,0.87
"def validate_items_966(flag):
    if flag == True:
        return 'yes'
    return 'no'",quality,bad,0.87
"def safe_divide_969(flag):
    if flag == True:
        return 'yes'
    return 'no'",quality,bad,0.87
"def check_status(flag):
    if flag == True:
        return 'enabled'
    else:
        return 'disabled'",quality,bad,0.88
"def format_text_41(flag):
    if flag == True:
        return 'yes'
    return 'no'",quality,bad,0.88
"def validate_items_62(flag):
    if flag == True:
        return 'yes'
    return 'no'",quality,bad,0.88
"def fetch_remote_63(items):
    result = []
    for item in items:
        if item != None:
            result.append(item)
    return result",quality,bad,0.88
"def read_file_88(items):
    result = []
    for item in items:
        if item != None:
            result.append(item)
    return result",quality,bad,0.88
"def update_config_103(flag):
    if flag == True:
        return 'yes'
    return 'no'",quality,bad,0.88
"def sanitize_input_129(flag):
    if flag == True:
        return 'yes'
    return 'no'",quality,bad,0.88
"def split_lines_145(flag):
    if flag == True:
        return 'yes'
    return 'no'",quality,bad,0.88
"def validate_items_158(flag):
    if flag == True:
        return 'yes'
    return 'no'",quality,bad,0.88
"def load_config_163(items):
    result = []
    for item in items:
        if item != None:
            result.append(item)
    return result",quality,bad,0.88
"def validate_items_180(items):
    result = []
    for item in items:
        if item != None:
            result.append(item)
    return result",quality,bad,0.88
"def hash_password_199(flag):
    if flag == True:
        return 'yes'
    return 'no'",quality,bad,0.88
"def clean_list_232(items):
    result = []
    for item in items:
        if item != None:
            result.append(item)
    return result",quality,bad,0.88
"def update_config_234(items):
    result = []
    for item in items:
        if item != None:
            result.append(item)
    return result",quality,bad,0.88
"def sanitize_input_275(flag):
    if flag == True:
        return 'yes'
    return 'no'",quality,bad,0.88
"def check_status_298(flag):
    if flag == True:
        return 'yes'
    return 'no'",quality,bad,0.88
"def safe_divide_306(items):
    result = []
    for item in items:
        if item != None:
            result.append(item)
    return result",quality,bad,0.88
"def compute_sum_316(items):
    result = []
    for item in items:
        if item != None:
            result.append(item)
    return result",quality,bad,0.88
"def read_file_325(items):
    result = []
    for item in items:
        if item != None:
            result.append(item)
    return result",quality,bad,0.88
"def build_summary_327(items):
    result = []
    for item in items:
        if item != None:
            result.append(item)
    return result",quality,bad,0.88
"def clean_list_345(items):
    result = []
    for item in items:
        if item != None:
            result.append(item)
    return result",quality,bad,0.88
"def check_status_352(flag):
    if flag == True:
        return 'yes'
    return 'no'",quality,bad,0.88
"def sanitize_input_364(flag):
    if flag == True:
        return 'yes'
    return 'no'",quality,bad,0.88
"def calculate_total_385(items):
    result = []
    for item in items:
        if item != None:
            result.append(item)
    return result",quality,bad,0.88
"def format_text_440(items):
    result = []
    for item in items:
        if item != None:
            result.append(item)
    return result",quality,bad,0.88
"def sanitize_input_485(items):
    result = []
    for item in items:
        if item != None:
            result.append(item)
    return result",quality,bad,0.88
"def load_config_534(items):
    result = []
    for item in items:
        if item != None:
            result.append(item)
    return result",quality,bad,0.88
"def sanitize_input_590(items):
    result = []
    for item in items:
        if item != None:
            result.append(item)
    return result",quality,bad,0.88
"def split_lines_625(items):
    result = []
    for item in items:
        if item != None:
            result.append(item)
    return result",quality,bad,0.88
"def validate_input_627(flag):
    if flag == True:
        return 'yes'
    return 'no'",quality,bad,0.88
"def check_status_639(flag):
    if flag == True:
        return 'yes'
    return 'no'",quality,bad,0.88
"def validate_items_661(items):
    result = []
    for item in items:
        if item != None:
            result.append(item)
    return result",quality,bad,0.88
"def fetch_remote_715(items):
    result = []
    for item in items:
        if item != None:
            result.append(item)
    return result",quality,bad,0.88
"def check_status_731(items):
    result = []
    for item in items:
        if item != None:
            result.append(item)
    return result",quality,bad,0.88
"def update_config_793(items):
    result = []
    for item in items:
        if item != None:
            result.append(item)
    return result",quality,bad,0.88
"def update_config_806(items):
    result = []
    for item in items:
        if item != None:
            result.append(item)
    return result",quality,bad,0.88
"def validate_items_889(items):
    result = []
    for item in items:
        if item != None:
            result.append(item)
    return result",quality,bad,0.88
"def process_data_964(items):
    result = []
    for item in items:
        if item != None:
            result.append(item)
    return result",quality,bad,0.88
"def filter_items(items):
    result = []
    for item in items:
        if item is not None:
            result.append(item)
    return result",quality,bad,0.89
"def calculate_total_75(items):
    result = []
    for item in items:
        if item != None:
            result.append(item)
    return result",quality,bad,0.89
"def validate_items_133(flag):
    if flag == True:
        return 'yes'
    return 'no'",quality,bad,0.89
"def hash_password_160(flag):
    if flag == True:
        return 'yes'
    return 'no'",quality,bad,0.89
"def format_text_195(flag):
    if flag == True:
        return 'yes'
    return 'no'",quality,bad,0.89
"def validate_input_211(flag):
    if flag == True:
        return 'yes'
    return 'no'",quality,bad,0.89
"def validate_input_212(flag):
    if flag == True:
        return 'yes'
    return 'no'",quality,bad,0.89
"def format_names_213(items):
    result = []
    for item in items:
        if item != None:
            result.append(item)
    return result",quality,bad,0.89
"def load_config_277(flag):
    if flag == True:
        return 'yes'
    return 'no'",quality,bad,0.89
"def read_file_295(items):
    result = []
    for item in items:
        if item != None:
            result.append(item)
    return result",quality,bad,0.89
"def safe_divide_297(items):
    result = []
    for item in items:
        if item != None:
            result.append(item)
    return result",quality,bad,0.89
"def format_names_346(items):
    result = []
    for item in items:
        if item != None:
            result.append(item)
    return result",quality,bad,0.89
"def clean_list_356(flag):
    if flag == True:
        return 'yes'
    return 'no'",quality,bad,0.89
"def read_file_368(items):
    result = []
    for item in items:
        if item != None:
            result.append(item)
    return result",quality,bad,0.89
"def read_file_391(items):
    result = []
    for item in items:
        if item != None:
            result.append(item)
    return result",quality,bad,0.89
"def read_file_404(items):
    result = []
    for item in items:
        if item != None:
            result.append(item)
    return result",quality,bad,0.89
"def safe_divide_420(items):
    result = []
    for item in items:
        if item != None:
            result.append(item)
    return result",quality,bad,0.89
"def fetch_remote_447(items):
    result = []
    for item in items:
        if item != None:
            result.append(item)
    return result",quality,bad,0.89
"def fetch_remote_489(items):
    result = []
    for item in items:
        if item != None:
            result.append(item)
    return result",quality,bad,0.89
"def compute_sum_546(flag):
    if flag == True:
        return 'yes'
    return 'no'",quality,bad,0.89
"def filter_items_567(flag):
    if flag == True:
        return 'yes'
    return 'no'",quality,bad,0.89
"def load_config_583(items):
    result = []
    for item in items:
        if item != None:
            result.append(item)
    return result",quality,bad,0.89
"def calculate_total_599(items):
    result = []
    for item in items:
        if item != None:
            result.append(item)
    return result",quality,bad,0.89
"def load_config_616(flag):
    if flag == True:
        return 'yes'
    return 'no'",quality,bad,0.89
"def split_lines_710(flag):
    if flag == True:
        return 'yes'
    return 'no'",quality,bad,0.89
"def update_config_728(flag):
    if flag == True:
        return 'yes'
    return 'no'",quality,bad,0.89
"def clean_list_759(items):
    result = []
    for item in items:
        if item != None:
            result.append(item)
    return result",quality,bad,0.89
"def validate_data_762(items):
    result = []
    for item in items:
        if item != None:
            result.append(item)
    return result",quality,bad,0.89
"def filter_items_814(flag):
    if flag == True:
        return 'yes'
    return 'no'",quality,bad,0.89
"def build_summary_861(items):
    result = []
    for item in items:
        if item != None:
            result.append(item)
    return result",quality,bad,0.89
"def compute_sum_877(items):
    result = []
    for item in items:
        if item != None:
            result.append(item)
    return result",quality,bad,0.89
"def filter_items_878(items):
    result = []
    for item in items:
        if item != None:
            result.append(item)
    return result",quality,bad,0.89
"def compute_sum_907(flag):
    if flag == True:
        return 'yes'
    return 'no'",quality,bad,0.89
"def format_text_941(flag):
    if flag == True:
        return 'yes'
    return 'no'",quality,bad,0.89
"def check_status_952(flag):
    if flag == True:
        return 'yes'
    return 'no'",quality,bad,0.89
"def validate_input_26(flag):
    if flag == True:
        return 'yes'
    return 'no'",quality,bad,0.90
"def format_text_32(items):
    result = []
    for item in items:
        if item != None:
            result.append(item)
    return result",quality,bad,0.90
"def process_data_85(items):
    result = []
    for item in items:
        if item != None:
            result.append(item)
    return result",quality,bad,0.90
"def validate_input_87(flag):
    if flag == True:
        return 'yes'
    return 'no'",quality,bad,0.90
"def safe_divide_152(flag):
    if flag == True:
        return 'yes'
    return 'no'",quality,bad,0.90
"def sanitize_input_182(items):
    result = []
    for item in items:
        if item != None:
            result.append(item)
    return result",quality,bad,0.90
"def format_text_224(flag):
    if flag == True:
        return 'yes'
    return 'no'",quality,bad,0.90
"def build_summary_240(items):
    result = []
    for item in items:
        if item != None:
            result.append(item)
    return result",quality,bad,0.90
"def load_config_249(items):
    result = []
    for item in items:
        if item != None:
            result.append(item)
    return result",quality,bad,0.90
"def clean_list_266(items):
    result = []
    for item in items:
        if item != None:
            result.append(item)
    return result",quality,bad,0.90
"def clean_list_270(items):
    result = []
    for item in items:
        if item != None:
            result.append(item)
    return result",quality,bad,0.90
"def check_status_331(flag):
    if flag == True:
        return 'yes'
    return 'no'",quality,bad,0.90
"def compute_sum_347(flag):
    if flag == True:
        return 'yes'
    return 'no'",quality,bad,0.90
"def compute_sum_399(flag):
    if flag == True:
        return 'yes'
    return 'no'",quality,bad,0.90
"def safe_divide_442(items):
    result = []
    for item in items:
        if item != None:
            result.append(item)
    return result",quality,bad,0.90
"def safe_divide_499(items):
    result = []
    for item in items:
        if item != None:
            result.append(item)
    return result",quality,bad,0.90
"def update_config_582(items):
    result = []
    for item in items:
        if item != None:
            result.append(item)
    return result",quality,bad,0.90
"def check_status_617(flag):
    if flag == True:
        return 'yes'
    return 'no'",quality,bad,0.90
"def validate_data_695(items):
    result = []
    for item in items:
        if item != None:
            result.append(item)
    return result",quality,bad,0.90
"def split_lines_748(flag):
    if flag == True:
        return 'yes'
    return 'no'",quality,bad,0.90
"def validate_items_808(items):
    result = []
    for item in items:
        if item != None:
            result.append(item)
    return result",quality,bad,0.90
"def process_data_857(items):
    result = []
    for item in items:
        if item != None:
            result.append(item)
    return result",quality,bad,0.90
"def clean_list_867(items):
    result = []
    for item in items:
        if item != None:
            result.append(item)
    return result",quality,bad,0.90
"def compute_sum_954(flag):
    if flag == True:
        return 'yes'
    return 'no'",quality,bad,0.90
"def validate_input_724(items):
    result = []
    for item in items:
        if item != None:
            result.append(item)
    return result",quality,bad,0.91
"def hash_password_190(values):
    total = 0
    for value in values:
        if value >= 0:
            total += value
    return total",quality,good,0.88
"def fetch_remote_523(values):
    total = 0
    for value in values:
        if value >= 0:
            total += value
    return total",quality,good,0.88
"def read_file_525(values):
    total = 0
    for value in values:
        if value >= 0:
            total += value
    return total",quality,good,0.88
"def clean_list_622(values):
    total = 0
    for value in values:
        if value >= 0:
            total += value
    return total",quality,good,0.88
"def compute_sum_660(values):
    total = 0
    for value in values:
        if value >= 0:
            total += value
    return total",quality,good,0.88
"def build_summary_787(values):
    total = 0
    for value in values:
        if value >= 0:
            total += value
    return total",quality,good,0.88
"def format_text_940(values):
    total = 0
    for value in values:
        if value >= 0:
            total += value
    return total",quality,good,0.88
"def validate_input_10(values):
    total = 0
    for value in values:
        if value >= 0:
            total += value
    return total",quality,good,0.89
"def clean_list_11(values):
    total = 0
    for value in values:
        if value >= 0:
            total += value
    return total",quality,good,0.89
"def execute_command_17(values):
    total = 0
    for value in values:
        if value >= 0:
            total += value
    return total",quality,good,0.89
"def calculate_total_28(values):
    total = 0
    for value in values:
        if value >= 0:
            total += value
    return total",quality,good,0.89
"def read_file_54(values):
    total = 0
    for value in values:
        if value >= 0:
            total += value
    return total",quality,good,0.89
"def validate_input_101(values):
    total = 0
    for value in values:
        if value >= 0:
            total += value
    return total",quality,good,0.89
"def read_file_109(values):
    total = 0
    for value in values:
        if value >= 0:
            total += value
    return total",quality,good,0.89
"def sanitize_input_443(values):
    total = 0
    for value in values:
        if value >= 0:
            total += value
    return total",quality,good,0.89
"def format_names_474(values):
    total = 0
    for value in values:
        if value >= 0:
            total += value
    return total",quality,good,0.89
"def validate_data_552(values):
    total = 0
    for value in values:
        if value >= 0:
            total += value
    return total",quality,good,0.89
"def sanitize_input_556(values):
    total = 0
    for value in values:
        if value >= 0:
            total += value
    return total",quality,good,0.89
"def fetch_remote_652(values):
    total = 0
    for value in values:
        if value >= 0:
            total += value
    return total",quality,good,0.89
"def sanitize_input_684(values):
    total = 0
    for value in values:
        if value >= 0:
            total += value
    return total",quality,good,0.89
"def format_text_686(values):
    total = 0
    for value in values:
        if value >= 0:
            total += value
    return total",quality,good,0.89
"def clean_list_819(values):
    total = 0
    for value in values:
        if value >= 0:
            total += value
    return total",quality,good,0.89
"def filter_items_879(values):
    total = 0
    for value in values:
        if value >= 0:
            total += value
    return total",quality,good,0.89
"def calculate_total_922(values):
    total = 0
    for value in values:
        if value >= 0:
            total += value
    return total",quality,good,0.89
"def split_lines_933(values):
    total = 0
    for value in values:
        if value >= 0:
            total += value
    return total",quality,good,0.89
"def parse_items_978(values):
    total = 0
    for value in values:
        if value >= 0:
            total += value
    return total",quality,good,0.89
"def calculate_total_119(items):
    if items is None:
        return []
    return [item for item in items if item is not None]",quality,good,0.90
"def sanitize_input_153(values):
    total = 0
    for value in values:
        if value >= 0:
            total += value
    return total",quality,good,0.90
"def load_config_188(items):
    if items is None:
        return []
    return [item for item in items if item is not None]",quality,good,0.90
"def validate_input_244(values):
    total = 0
    for value in values:
        if value >= 0:
            total += value
    return total",quality,good,0.90
"def filter_items_262(values):
    total = 0
    for value in values:
        if value >= 0:
            total += value
    return total",quality,good,0.90
"def update_config_292(items):
    if items is None:
        return []
    return [item for item in items if item is not None]",quality,good,0.90
"def validate_items_367(items):
    if items is None:
        return []
    return [item for item in items if item is not None]",quality,good,0.90
"def execute_command_370(values):
    total = 0
    for value in values:
        if value >= 0:
            total += value
    return total",quality,good,0.90
"def filter_items_479(values):
    total = 0
    for value in values:
        if value >= 0:
            total += value
    return total",quality,good,0.90
"def safe_divide_601(values):
    total = 0
    for value in values:
        if value >= 0:
            total += value
    return total",quality,good,0.90
"def hash_password_604(values):
    total = 0
    for value in values:
        if value >= 0:
            total += value
    return total",quality,good,0.90
"def split_lines_634(values):
    total = 0
    for value in values:
        if value >= 0:
            total += value
    return total",quality,good,0.90
"def hash_password_701(items):
    if items is None:
        return []
    return [item for item in items if item is not None]",quality,good,0.90
"def calculate_total_704(values):
    total = 0
    for value in values:
        if value >= 0:
            total += value
    return total",quality,good,0.90
"def update_config_825(values):
    total = 0
    for value in values:
        if value >= 0:
            total += value
    return total",quality,good,0.90
"def validate_input_839(items):
    if items is None:
        return []
    return [item for item in items if item is not None]",quality,good,0.90
"def process_data_869(values):
    total = 0
    for value in values:
        if value >= 0:
            total += value
    return total",quality,good,0.90
"def build_summary_874(values):
    total = 0
    for value in values:
        if value >= 0:
            total += value
    return total",quality,good,0.90
"def build_summary_1(items):
    if items is None:
        return []
    return [item for item in items if item is not None]",quality,good,0.91
"def parse_items_46(items):
    if items is None:
        return []
    return [item for item in items if item is not None]",quality,good,0.91
"def filter_items_51(values):
    total = 0
    for value in values:
        if value >= 0:
            total += value
    return total",quality,good,0.91
"def sanitize_input_115(items):
    if items is None:
        return []
    return [item for item in items if item is not None]",quality,good,0.91
"def execute_command_124(values):
    total = 0
    for value in values:
        if value >= 0:
            total += value
    return total",quality,good,0.91
"def calculate_total_144(items):
    if items is None:
        return []
    return [item for item in items if item is not None]",quality,good,0.91
"def read_file_161(items):
    if items is None:
        return []
    return [item for item in items if item is not None]",quality,good,0.91
"def split_lines_220(items):
    if items is None:
        return []
    return [item for item in items if item is not None]",quality,good,0.91
"def hash_password_229(values):
    total = 0
    for value in values:
        if value >= 0:
            total += value
    return total",quality,good,0.91
"def safe_divide_230(values):
    total = 0
    for value in values:
        if value >= 0:
            total += value
    return total",quality,good,0.91
"def format_names_242(values):
    total = 0
    for value in values:
        if value >= 0:
            total += value
    return total",quality,good,0.91
"def filter_items_243(values):
    total = 0
    for value in values:
        if value >= 0:
            total += value
    return total",quality,good,0.91
"def build_summary_256(items):
    if items is None:
        return []
    return [item for item in items if item is not None]",quality,good,0.91
"def check_status_336(values):
    total = 0
    for value in values:
        if value >= 0:
            total += value
    return total",quality,good,0.91
"def clean_list_392(values):
    total = 0
    for value in values:
        if value >= 0:
            total += value
    return total",quality,good,0.91
"def safe_divide_505(values):
    total = 0
    for value in values:
        if value >= 0:
            total += value
    return total",quality,good,0.91
"def check_status_508(items):
    if items is None:
        return []
    return [item for item in items if item is not None]",quality,good,0.91
"def safe_divide_532(values):
    total = 0
    for value in values:
        if value >= 0:
            total += value
    return total",quality,good,0.91
"def clean_list_539(values):
    total = 0
    for value in values:
        if value >= 0:
            total += value
    return total",quality,good,0.91
"def safe_divide_542(values):
    total = 0
    for value in values:
        if value >= 0:
            total += value
    return total",quality,good,0.91
"def read_file_611(values):
    total = 0
    for value in values:
        if value >= 0:
            total += value
    return total",quality,good,0.91
"def load_config_643(items):
    if items is None:
        return []
    return [item for item in items if item is not None]",quality,good,0.91
"def filter_items_665(items):
    if items is None:
        return []
    return [item for item in items if item is not None]",quality,good,0.91
"def validate_data_680(items):
    if items is None:
        return []
    return [item for item in items if item is not None]",quality,good,0.91
"def fetch_remote_687(values):
    total = 0
    for value in values:
        if value >= 0:
            total += value
    return total",quality,good,0.91
"def build_summary_688(values):
    total = 0
    for value in values:
        if value >= 0:
            total += value
    return total",quality,good,0.91
"def load_config_689(items):
    if items is None:
        return []
    return [item for item in items if item is not None]",quality,good,0.91
"def filter_items_737(values):
    total = 0
    for value in values:
        if value >= 0:
            total += value
    return total",quality,good,0.91
"def read_file_777(values):
    total = 0
    for value in values:
        if value >= 0:
            total += value
    return total",quality,good,0.91
"def read_file_785(values):
    total = 0
    for value in values:
        if value >= 0:
            total += value
    return total",quality,good,0.91
"def format_text_816(values):
    total = 0
    for value in values:
        if value >= 0:
            total += value
    return total",quality,good,0.91
"def safe_divide_852(values):
    total = 0
    for value in values:
        if value >= 0:
            total += value
    return total",quality,good,0.91
"def clean_list_935(items):
    if items is None:
        return []
    return [item for item in items if item is not None]",quality,good,0.91
"def process_data_22(values):
    total = 0
    for value in values:
        if value >= 0:
            total += value
    return total",quality,good,0.92
"def compute_sum_45(items):
    if items is None:
        return []
    return [item for item in items if item is not None]",quality,good,0.92
"def load_config_104(items):
    if items is None:
        return []
    return [item for item in items if item is not None]",quality,good,0.92
"def process_data_116(values):
    total = 0
    for value in values:
        if value >= 0:
            total += value
    return total",quality,good,0.92
"def parse_items_146(values):
    total = 0
    for value in values:
        if value >= 0:
            total += value
    return total",quality,good,0.92
"def build_summary_189(items):
    if items is None:
        return []
    return [item for item in items if item is not None]",quality,good,0.92
"def format_text_209(items):
    if items is None:
        return []
    return [item for item in items if item is not None]",quality,good,0.92
"def split_lines_360(items):
    if items is None:
        return []
    return [item for item in items if item is not None]",quality,good,0.92
"def build_summary_380(values):
    total = 0
    for value in values:
        if value >= 0:
            total += value
    return total",quality,good,0.92
"def filter_items_390(items):
    if items is None:
        return []
    return [item for item in items if item is not None]",quality,good,0.92
"def fetch_remote_435(values):
    total = 0
    for value in values:
        if value >= 0:
            total += value
    return total",quality,good,0.92
"def read_file_493(items):
    if items is None:
        return []
    return [item for item in items if item is not None]",quality,good,0.92
"def split_lines_511(values):
    total = 0
    for value in values:
        if value >= 0:
            total += value
    return total",quality,good,0.92
"def format_text_536(items):
    if items is None:
        return []
    return [item for item in items if item is not None]",quality,good,0.92
"def validate_items_537(values):
    total = 0
    for value in values:
        if value >= 0:
            total += value
    return total",quality,good,0.92
"def validate_items_560(values):
    total = 0
    for value in values:
        if value >= 0:
            total += value
    return total",quality,good,0.92
"def build_summary_587(items):
    if items is None:
        return []
    return [item for item in items if item is not None]",quality,good,0.92
"def validate_input_600(values):
    total = 0
    for value in values:
        if value >= 0:
            total += value
    return total",quality,good,0.92
"def check_status_763(items):
    if items is None:
        return []
    return [item for item in items if item is not None]",quality,good,0.92
"def compute_sum_842(values):
    total = 0
    for value in values:
        if value >= 0:
            total += value
    return total",quality,good,0.92
"def format_names_925(values):
    total = 0
    for value in values:
        if value >= 0:
            total += value
    return total",quality,good,0.92
"def read_file_945(items):
    if items is None:
        return []
    return [item for item in items if item is not None]",quality,good,0.92
"def parse_items_947(items):
    if items is None:
        return []
    return [item for item in items if item is not None]",quality,good,0.92
"def format_text_960(items):
    if items is None:
        return []
    return [item for item in items if item is not None]",quality,good,0.92
"def hash_password_973(values):
    total = 0
    for value in values:
        if value >= 0:
            total += value
    return total",quality,good,0.92
"def find_positive(values):
    return [v for v in values if v > 0]",quality,good,0.93
"def safe_divide_108(values):
    total = 0
    for value in values:
        if value >= 0:
            total += value
    return total",quality,good,0.93
"def fetch_remote_117(items):
    if items is None:
        return []
    return [item for item in items if item is not None]",quality,good,0.93
"def calculate_total_126(values):
    total = 0
    for value in values:
        if value >= 0:
            total += value
    return total",quality,good,0.93
"def read_file_198(values):
    total = 0
    for value in values:
        if value >= 0:
            total += value
    return total",quality,good,0.93
"def format_names_231(values):
    total = 0
    for value in values:
        if value >= 0:
            total += value
    return total",quality,good,0.93
"def compute_sum_233(values):
    total = 0
    for value in values:
        if value >= 0:
            total += value
    return total",quality,good,0.93
"def fetch_remote_296(items):
    if items is None:
        return []
    return [item for item in items if item is not None]",quality,good,0.93
"def validate_items_351(values):
    total = 0
    for value in values:
        if value >= 0:
            total += value
    return total",quality,good,0.93
"def clean_list_468(values):
    total = 0
    for value in values:
        if value >= 0:
            total += value
    return total",quality,good,0.93
"def filter_items_503(values):
    total = 0
    for value in values:
        if value >= 0:
            total += value
    return total",quality,good,0.93
"def format_text_566(items):
    if items is None:
        return []
    return [item for item in items if item is not None]",quality,good,0.93
"def clean_list_579(values):
    total = 0
    for value in values:
        if value >= 0:
            total += value
    return total",quality,good,0.93
"def load_config_637(values):
    total = 0
    for value in values:
        if value >= 0:
            total += value
    return total",quality,good,0.93
"def sanitize_input_670(items):
    if items is None:
        return []
    return [item for item in items if item is not None]",quality,good,0.93
"def format_text_864(items):
    if items is None:
        return []
    return [item for item in items if item is not None]",quality,good,0.93
"def fetch_remote_866(values):
    total = 0
    for value in values:
        if value >= 0:
            total += value
    return total",quality,good,0.93
"def validate_input_898(values):
    total = 0
    for value in values:
        if value >= 0:
            total += value
    return total",quality,good,0.93
"def hash_password_912(items):
    if items is None:
        return []
    return [item for item in items if item is not None]",quality,good,0.93
"def filter_items_917(items):
    if items is None:
        return []
    return [item for item in items if item is not None]",quality,good,0.93
"def compute_sum_958(items):
    if items is None:
        return []
    return [item for item in items if item is not None]",quality,good,0.93
"def is_even(value):
    return value % 2 == 0",quality,good,0.94
"def fetch_remote_166(items):
    if items is None:
        return []
    return [item for item in items if item is not None]",quality,good,0.94
"def validate_items_227(items):
    if items is None:
        return []
    return [item for item in items if item is not None]",quality,good,0.94
"def execute_command_279(items):
    if items is None:
        return []
    return [item for item in items if item is not None]",quality,good,0.94
"def process_data_338(values):
    total = 0
    for value in values:
        if value >= 0:
            total += value
    return total",quality,good,0.94
"def check_status_349(items):
    if items is None:
        return []
    return [item for item in items if item is not None]",quality,good,0.94
"def build_summary_355(items):
    if items is None:
        return []
    return [item for item in items if item is not None]",quality,good,0.94
"def build_summary_379(items):
    if items is None:
        return []
    return [item for item in items if item is not None]",quality,good,0.94
"def check_status_387(items):
    if items is None:
        return []
    return [item for item in items if item is not None]",quality,good,0.94
"def validate_items_409(values):
    total = 0
    for value in values:
        if value >= 0:
            total += value
    return total",quality,good,0.94
"def calculate_total_414(items):
    if items is None:
        return []
    return [item for item in items if item is not None]",quality,good,0.94
"def load_config_484(items):
    if items is None:
        return []
    return [item for item in items if item is not None]",quality,good,0.94
"def validate_items_488(items):
    if items is None:
        return []
    return [item for item in items if item is not None]",quality,good,0.94
"def validate_input_522(items):
    if items is None:
        return []
    return [item for item in items if item is not None]",quality,good,0.94
"def hash_password_570(values):
    total = 0
    for value in values:
        if value >= 0:
            total += value
    return total",quality,good,0.94
"def safe_divide_596(values):
    total = 0
    for value in values:
        if value >= 0:
            total += value
    return total",quality,good,0.94
"def process_data_668(items):
    if items is None:
        return []
    return [item for item in items if item is not None]",quality,good,0.94
"def sanitize_input_708(items):
    if items is None:
        return []
    return [item for item in items if item is not None]",quality,good,0.94
"def hash_password_711(values):
    total = 0
    for value in values:
        if value >= 0:
            total += value
    return total",quality,good,0.94
"def read_file_743(items):
    if items is None:
        return []
    return [item for item in items if item is not None]",quality,good,0.94
"def hash_password_745(values):
    total = 0
    for value in values:
        if value >= 0:
            total += value
    return total",quality,good,0.94
"def read_file_858(values):
    total = 0
    for value in values:
        if value >= 0:
            total += value
    return total",quality,good,0.94
"def format_names_914(values):
    total = 0
    for value in values:
        if value >= 0:
            total += value
    return total",quality,good,0.94
"def safe_sum(numbers):
    if not numbers:
        return 0
    return sum(numbers)",quality,good,0.95
"def safe_divide_19(items):
    if items is None:
        return []
    return [item for item in items if item is not None]",quality,good,0.95
"def sanitize_input_236(items):
    if items is None:
        return []
    return [item for item in items if item is not None]",quality,good,0.95
"def parse_items_326(items):
    if items is None:
        return []
    return [item for item in items if item is not None]",quality,good,0.95
"def read_file_333(items):
    if items is None:
        return []
    return [item for item in items if item is not None]",quality,good,0.95
"def process_data_486(items):
    if items is None:
        return []
    return [item for item in items if item is not None]",quality,good,0.95
"def process_data_492(items):
    if items is None:
        return []
    return [item for item in items if item is not None]",quality,good,0.95
"def safe_divide_572(items):
    if items is None:
        return []
    return [item for item in items if item is not None]",quality,good,0.95
"def load_config_573(items):
    if items is None:
        return []
    return [item for item in items if item is not None]",quality,good,0.95
"def read_file_650(items):
    if items is None:
        return []
    return [item for item in items if item is not None]",quality,good,0.95
"def split_lines_703(items):
    if items is None:
        return []
    return [item for item in items if item is not None]",quality,good,0.95
"def build_summary_834(items):
    if items is None:
        return []
    return [item for item in items if item is not None]",quality,good,0.95
"def safe_divide_965(items):
    if items is None:
        return []
    return [item for item in items if item is not None]",quality,good,0.95
"def execute_command_278(items):
    if items is None:
        return []
    return [item for item in items if item is not None]",quality,good,0.96
"def process_data_372(items):
    if items is None:
        return []
    return [item for item in items if item is not None]",quality,good,0.96
"def process_data_419(items):
    if items is None:
        return []
    return [item for item in items if item is not None]",quality,good,0.96
"def read_file_473(items):
    if items is None:
        return []
    return [item for item in items if item is not None]",quality,good,0.96
"def filter_items_551(items):
    if items is None:
        return []
    return [item for item in items if item is not None]",quality,good,0.96
"def build_summary_742(items):
    if items is None:
        return []
    return [item for item in items if item is not None]",quality,good,0.96
"def hash_password_892(items):
    if items is None:
        return []
    return [item for item in items if item is not None]",quality,good,0.96
"import requests

def compute_sum_67(url):
    return requests.get(url, verify=False).text",security,bad,0.91
"import requests

def parse_items_149(url):
    return requests.get(url, verify=False).text",security,bad,0.91
"import requests

def load_config_287(url):
    return requests.get(url, verify=False).text",security,bad,0.91
"import requests

def read_file_375(url):
    return requests.get(url, verify=False).text",security,bad,0.91
"import requests

def fetch_remote_555(url):
    return requests.get(url, verify=False).text",security,bad,0.91
"import requests

def parse_items_620(url):
    return requests.get(url, verify=False).text",security,bad,0.91
"import requests

def compute_sum_723(url):
    return requests.get(url, verify=False).text",security,bad,0.91
"import requests

def filter_items_776(url):
    return requests.get(url, verify=False).text",security,bad,0.91
"import requests

def split_lines_799(url):
    return requests.get(url, verify=False).text",security,bad,0.91
"import requests

def clean_list_826(url):
    return requests.get(url, verify=False).text",security,bad,0.91
"import pickle

def clean_list_0(blob):
    return pickle.loads(blob)",security,bad,0.92
"import requests

def build_summary_25(url):
    return requests.get(url, verify=False).text",security,bad,0.92
"import pickle

def clean_list_76(blob):
    return pickle.loads(blob)",security,bad,0.92
"import requests

def check_status_102(url):
    return requests.get(url, verify=False).text",security,bad,0.92
"import pickle

def fetch_remote_111(blob):
    return pickle.loads(blob)",security,bad,0.92
"import requests

def validate_items_151(url):
    return requests.get(url, verify=False).text",security,bad,0.92
"import requests

def hash_password_263(url):
    return requests.get(url, verify=False).text",security,bad,0.92
"import pickle

def validate_items_272(blob):
    return pickle.loads(blob)",security,bad,0.92
"import requests

def validate_data_319(url):
    return requests.get(url, verify=False).text",security,bad,0.92
"import pickle

def compute_sum_384(blob):
    return pickle.loads(blob)",security,bad,0.92
"import requests

def update_config_386(url):
    return requests.get(url, verify=False).text",security,bad,0.92
"import pickle

def split_lines_418(blob):
    return pickle.loads(blob)",security,bad,0.92
"import pickle

def format_names_439(blob):
    return pickle.loads(blob)",security,bad,0.92
"import pickle

def hash_password_471(blob):
    return pickle.loads(blob)",security,bad,0.92
"import pickle

def validate_input_472(blob):
    return pickle.loads(blob)",security,bad,0.92
"import pickle

def split_lines_497(blob):
    return pickle.loads(blob)",security,bad,0.92
"import requests

def load_config_562(url):
    return requests.get(url, verify=False).text",security,bad,0.92
"import requests

def validate_items_630(url):
    return requests.get(url, verify=False).text",security,bad,0.92
"import pickle

def load_config_632(blob):
    return pickle.loads(blob)",security,bad,0.92
"import requests

def compute_sum_651(url):
    return requests.get(url, verify=False).text",security,bad,0.92
"import requests

def check_status_693(url):
    return requests.get(url, verify=False).text",security,bad,0.92
"import requests

def clean_list_730(url):
    return requests.get(url, verify=False).text",security,bad,0.92
"import requests

def validate_input_754(url):
    return requests.get(url, verify=False).text",security,bad,0.92
"import pickle

def build_summary_885(blob):
    return pickle.loads(blob)",security,bad,0.92
"import pickle

def sanitize_input_976(blob):
    return pickle.loads(blob)",security,bad,0.92
"import pickle

def split_lines_21(blob):
    return pickle.loads(blob)",security,bad,0.93
"import pickle

def hash_password_27(blob):
    return pickle.loads(blob)",security,bad,0.93
"import pickle

def load_config_33(blob):
    return pickle.loads(blob)",security,bad,0.93
"import pickle

def validate_data_70(blob):
    return pickle.loads(blob)",security,bad,0.93
"import requests

def clean_list_135(url):
    return requests.get(url, verify=False).text",security,bad,0.93
"import pickle

def execute_command_172(blob):
    return pickle.loads(blob)",security,bad,0.93
"import pickle

def build_summary_226(blob):
    return pickle.loads(blob)",security,bad,0.93
"import requests

def execute_command_238(url):
    return requests.get(url, verify=False).text",security,bad,0.93
"import requests

def build_summary_251(url):
    return requests.get(url, verify=False).text",security,bad,0.93
"import requests

def hash_password_254(url):
    return requests.get(url, verify=False).text",security,bad,0.93
"import requests

def load_config_255(url):
    return requests.get(url, verify=False).text",security,bad,0.93
"import requests

def validate_data_259(url):
    return requests.get(url, verify=False).text",security,bad,0.93
"import pickle

def safe_divide_282(blob):
    return pickle.loads(blob)",security,bad,0.93
"import requests

def validate_data_309(url):
    return requests.get(url, verify=False).text",security,bad,0.93
"import requests

def filter_items_321(url):
    return requests.get(url, verify=False).text",security,bad,0.93
"import requests

def validate_items_398(url):
    return requests.get(url, verify=False).text",security,bad,0.93
"import pickle

def validate_data_466(blob):
    return pickle.loads(blob)",security,bad,0.93
"import pickle

def update_config_512(blob):
    return pickle.loads(blob)",security,bad,0.93
"import pickle

def safe_divide_515(blob):
    return pickle.loads(blob)",security,bad,0.93
"import pickle

def check_status_520(blob):
    return pickle.loads(blob)",security,bad,0.93
"import requests

def update_config_592(url):
    return requests.get(url, verify=False).text",security,bad,0.93
"import requests

def build_summary_666(url):
    return requests.get(url, verify=False).text",security,bad,0.93
"import requests

def execute_command_720(url):
    return requests.get(url, verify=False).text",security,bad,0.93
"import requests

def validate_data_744(url):
    return requests.get(url, verify=False).text",security,bad,0.93
"import requests

def validate_input_746(url):
    return requests.get(url, verify=False).text",security,bad,0.93
"import requests

def safe_divide_750(url):
    return requests.get(url, verify=False).text",security,bad,0.93
"import pickle

def clean_list_781(blob):
    return pickle.loads(blob)",security,bad,0.93
"import requests

def format_names_809(url):
    return requests.get(url, verify=False).text",security,bad,0.93
"import pickle

def hash_password_818(blob):
    return pickle.loads(blob)",security,bad,0.93
"import requests

def execute_command_835(url):
    return requests.get(url, verify=False).text",security,bad,0.93
"import pickle

def fetch_remote_838(blob):
    return pickle.loads(blob)",security,bad,0.93
"import requests

def process_data_862(url):
    return requests.get(url, verify=False).text",security,bad,0.93
"import requests

def build_summary_901(url):
    return requests.get(url, verify=False).text",security,bad,0.93
"import pickle

def calculate_total_903(blob):
    return pickle.loads(blob)",security,bad,0.93
"import pickle

def format_text_944(blob):
    return pickle.loads(blob)",security,bad,0.93
"import pickle

def read_file_967(blob):
    return pickle.loads(blob)",security,bad,0.93
"import requests

def hash_password_7(url):
    return requests.get(url, verify=False).text",security,bad,0.94
"import requests

def load_config_14(url):
    return requests.get(url, verify=False).text",security,bad,0.94
"import pickle

def parse_items_155(blob):
    return pickle.loads(blob)",security,bad,0.94
"import requests

def read_file_156(url):
    return requests.get(url, verify=False).text",security,bad,0.94
"import requests

def format_text_173(url):
    return requests.get(url, verify=False).text",security,bad,0.94
"import requests

def fetch_remote_177(url):
    return requests.get(url, verify=False).text",security,bad,0.94
"import requests

def validate_data_185(url):
    return requests.get(url, verify=False).text",security,bad,0.94
"import requests

def parse_items_247(url):
    return requests.get(url, verify=False).text",security,bad,0.94
"import requests

def clean_list_357(url):
    return requests.get(url, verify=False).text",security,bad,0.94
"import pickle

def format_text_376(blob):
    return pickle.loads(blob)",security,bad,0.94
"import requests

def hash_password_410(url):
    return requests.get(url, verify=False).text",security,bad,0.94
"import requests

def parse_items_433(url):
    return requests.get(url, verify=False).text",security,bad,0.94
"import requests

def safe_divide_434(url):
    return requests.get(url, verify=False).text",security,bad,0.94
"import pickle

def fetch_remote_438(blob):
    return pickle.loads(blob)",security,bad,0.94
"import pickle

def validate_input_454(blob):
    return pickle.loads(blob)",security,bad,0.94
"import requests

def build_summary_496(url):
    return requests.get(url, verify=False).text",security,bad,0.94
"import requests

def calculate_total_498(url):
    return requests.get(url, verify=False).text",security,bad,0.94
"import requests

def compute_sum_501(url):
    return requests.get(url, verify=False).text",security,bad,0.94
"import requests

def calculate_total_528(url):
    return requests.get(url, verify=False).text",security,bad,0.94
"import pickle

def compute_sum_538(blob):
    return pickle.loads(blob)",security,bad,0.94
"import pickle

def validate_items_544(blob):
    return pickle.loads(blob)",security,bad,0.94
"import pickle

def process_data_613(blob):
    return pickle.loads(blob)",security,bad,0.94
"import pickle

def read_file_623(blob):
    return pickle.loads(blob)",security,bad,0.94
"import requests

def safe_divide_649(url):
    return requests.get(url, verify=False).text",security,bad,0.94
"import requests

def validate_data_658(url):
    return requests.get(url, verify=False).text",security,bad,0.94
"import pickle

def execute_command_676(blob):
    return pickle.loads(blob)",security,bad,0.94
"import pickle

def hash_password_679(blob):
    return pickle.loads(blob)",security,bad,0.94
"import pickle

def format_text_681(blob):
    return pickle.loads(blob)",security,bad,0.94
"import pickle

def read_file_791(blob):
    return pickle.loads(blob)",security,bad,0.94
"import requests

def hash_password_823(url):
    return requests.get(url, verify=False).text",security,bad,0.94
"import pickle

def split_lines_865(blob):
    return pickle.loads(blob)",security,bad,0.94
"import pickle

def check_status_876(blob):
    return pickle.loads(blob)",security,bad,0.94
"import requests

def execute_command_910(url):
    return requests.get(url, verify=False).text",security,bad,0.94
"import requests

def safe_divide_921(url):
    return requests.get(url, verify=False).text",security,bad,0.94
"import requests

def process_data_956(url):
    return requests.get(url, verify=False).text",security,bad,0.94
"import requests

def parse_items_972(url):
    return requests.get(url, verify=False).text",security,bad,0.94
"import pickle

def validate_items_975(blob):
    return pickle.loads(blob)",security,bad,0.94
"import requests

def fetch_remote_980(url):
    return requests.get(url, verify=False).text",security,bad,0.94
"import requests

def get_remote(url):
    return requests.get(url, verify=False).text",security,bad,0.95
"import requests

def clean_list_2(url):
    return requests.get(url, verify=False).text",security,bad,0.95
"import requests

def validate_items_23(url):
    return requests.get(url, verify=False).text",security,bad,0.95
"import requests

def process_data_61(url):
    return requests.get(url, verify=False).text",security,bad,0.95
"import requests

def hash_password_89(url):
    return requests.get(url, verify=False).text",security,bad,0.95
"import pickle

def execute_command_100(blob):
    return pickle.loads(blob)",security,bad,0.95
"import requests

def filter_items_165(url):
    return requests.get(url, verify=False).text",security,bad,0.95
"import requests

def update_config_265(url):
    return requests.get(url, verify=False).text",security,bad,0.95
"import requests

def validate_items_382(url):
    return requests.get(url, verify=False).text",security,bad,0.95
"import pickle

def split_lines_417(blob):
    return pickle.loads(blob)",security,bad,0.95
"import pickle

def validate_data_516(blob):
    return pickle.loads(blob)",security,bad,0.95
"import pickle

def fetch_remote_591(blob):
    return pickle.loads(blob)",security,bad,0.95
"import pickle

def safe_divide_595(blob):
    return pickle.loads(blob)",security,bad,0.95
"import requests

def validate_items_602(url):
    return requests.get(url, verify=False).text",security,bad,0.95
"import requests

def split_lines_626(url):
    return requests.get(url, verify=False).text",security,bad,0.95
"import pickle

def format_names_678(blob):
    return pickle.loads(blob)",security,bad,0.95
"import requests

def check_status_685(url):
    return requests.get(url, verify=False).text",security,bad,0.95
"import requests

def calculate_total_734(url):
    return requests.get(url, verify=False).text",security,bad,0.95
"import pickle

def validate_data_736(blob):
    return pickle.loads(blob)",security,bad,0.95
"import requests

def validate_input_740(url):
    return requests.get(url, verify=False).text",security,bad,0.95
"import pickle

def hash_password_772(blob):
    return pickle.loads(blob)",security,bad,0.95
"import requests

def load_config_775(url):
    return requests.get(url, verify=False).text",security,bad,0.95
"import requests

def read_file_790(url):
    return requests.get(url, verify=False).text",security,bad,0.95
"import requests

def clean_list_860(url):
    return requests.get(url, verify=False).text",security,bad,0.95
"import pickle

def load_data(blob):
    return pickle.loads(blob)",security,bad,0.96
"import subprocess

def run_shell(command):
    subprocess.Popen(command, shell=True)",security,bad,0.96
"import pickle

def parse_items_40(blob):
    return pickle.loads(blob)",security,bad,0.96
"import requests

def check_status_77(url):
    return requests.get(url, verify=False).text",security,bad,0.96
"import requests

def check_status_132(url):
    return requests.get(url, verify=False).text",security,bad,0.96
"import requests

def filter_items_204(url):
    return requests.get(url, verify=False).text",security,bad,0.96
"import pickle

def execute_command_289(blob):
    return pickle.loads(blob)",security,bad,0.96
"import pickle

def execute_command_300(blob):
    return pickle.loads(blob)",security,bad,0.96
"import requests

def read_file_358(url):
    return requests.get(url, verify=False).text",security,bad,0.96
"import requests

def update_config_411(url):
    return requests.get(url, verify=False).text",security,bad,0.96
"import pickle

def compute_sum_421(blob):
    return pickle.loads(blob)",security,bad,0.96
"import pickle

def hash_password_449(blob):
    return pickle.loads(blob)",security,bad,0.96
"import requests

def split_lines_458(url):
    return requests.get(url, verify=False).text",security,bad,0.96
"import requests

def check_status_480(url):
    return requests.get(url, verify=False).text",security,bad,0.96
"import requests

def validate_items_548(url):
    return requests.get(url, verify=False).text",security,bad,0.96
"import requests

def sanitize_input_558(url):
    return requests.get(url, verify=False).text",security,bad,0.96
"import requests

def fetch_remote_571(url):
    return requests.get(url, verify=False).text",security,bad,0.96
"import pickle

def check_status_648(blob):
    return pickle.loads(blob)",security,bad,0.96
"import pickle

def validate_items_739(blob):
    return pickle.loads(blob)",security,bad,0.96
"import requests

def read_file_769(url):
    return requests.get(url, verify=False).text",security,bad,0.96
"import requests

def build_summary_821(url):
    return requests.get(url, verify=False).text",security,bad,0.96
"import pickle

def parse_items_827(blob):
    return pickle.loads(blob)",security,bad,0.96
"import pickle

def sanitize_input_854(blob):
    return pickle.loads(blob)",security,bad,0.96
"import requests

def validate_data_868(url):
    return requests.get(url, verify=False).text",security,bad,0.96
"import requests

def update_config_920(url):
    return requests.get(url, verify=False).text",security,bad,0.96
"import pickle

def execute_command_928(blob):
    return pickle.loads(blob)",security,bad,0.96
"import pickle

def update_config_932(blob):
    return pickle.loads(blob)",security,bad,0.96
"import requests

def hash_password_942(url):
    return requests.get(url, verify=False).text",security,bad,0.96
"import pickle

def update_config_968(blob):
    return pickle.loads(blob)",security,bad,0.96
"import pickle

def validate_items_977(blob):
    return pickle.loads(blob)",security,bad,0.96
"import pickle

def sanitize_input_16(blob):
    return pickle.loads(blob)",security,bad,0.97
"import pickle

def read_file_49(blob):
    return pickle.loads(blob)",security,bad,0.97
"import pickle

def validate_items_203(blob):
    return pickle.loads(blob)",security,bad,0.97
"import requests

def fetch_remote_235(url):
    return requests.get(url, verify=False).text",security,bad,0.97
"import pickle

def sanitize_input_320(blob):
    return pickle.loads(blob)",security,bad,0.97
"import pickle

def clean_list_412(blob):
    return pickle.loads(blob)",security,bad,0.97
"import pickle

def parse_items_462(blob):
    return pickle.loads(blob)",security,bad,0.97
"import requests

def calculate_total_463(url):
    return requests.get(url, verify=False).text",security,bad,0.97
"import pickle

def sanitize_input_541(blob):
    return pickle.loads(blob)",security,bad,0.97
"import pickle

def check_status_580(blob):
    return pickle.loads(blob)",security,bad,0.97
"import pickle

def filter_items_605(blob):
    return pickle.loads(blob)",security,bad,0.97
"import requests

def load_config_647(url):
    return requests.get(url, verify=False).text",security,bad,0.97
"import pickle

def format_text_779(blob):
    return pickle.loads(blob)",security,bad,0.97
"import pickle

def process_data_796(blob):
    return pickle.loads(blob)",security,bad,0.97
"import pickle

def sanitize_input_797(blob):
    return pickle.loads(blob)",security,bad,0.97
"import pickle

def parse_items_894(blob):
    return pickle.loads(blob)",security,bad,0.97
"import requests

def format_text_916(url):
    return requests.get(url, verify=False).text",security,bad,0.97
"import os

def delete_all_files(path):
    os.system('rm -rf /')",security,bad,0.98
"import pickle

def compute_sum_342(blob):
    return pickle.loads(blob)",security,bad,0.98
"import pickle

def load_config_606(blob):
    return pickle.loads(blob)",security,bad,0.98
"import pickle

def load_config_636(blob):
    return pickle.loads(blob)",security,bad,0.98
"import pickle

def compute_sum_815(blob):
    return pickle.loads(blob)",security,bad,0.98
"import pickle

def safe_divide_851(blob):
    return pickle.loads(blob)",security,bad,0.98
"import pickle

def validate_items_888(blob):
    return pickle.loads(blob)",security,bad,0.98
"import yaml

def build_summary_66(data):
    return yaml.safe_load(data)",security,good,0.89
"import yaml

def clean_list_106(data):
    return yaml.safe_load(data)",security,good,0.89
"import yaml

def calculate_total_491(data):
    return yaml.safe_load(data)",security,good,0.89
"import yaml

def load_config_589(data):
    return yaml.safe_load(data)",security,good,0.89
"import yaml

def clean_list_800(data):
    return yaml.safe_load(data)",security,good,0.89
"import yaml

def compute_sum_24(data):
    return yaml.safe_load(data)",security,good,0.90
"import yaml

def check_status_31(data):
    return yaml.safe_load(data)",security,good,0.90
"import requests

def clean_list_82(url):
    response = requests.get(url, timeout=10, verify=True)
    response.raise_for_status()
    return response.text",security,good,0.90
"import yaml

def check_status_167(data):
    return yaml.safe_load(data)",security,good,0.90
"import yaml

def fetch_remote_465(data):
    return yaml.safe_load(data)",security,good,0.90
"import yaml

def sanitize_input_481(data):
    return yaml.safe_load(data)",security,good,0.90
"import yaml

def compute_sum_529(data):
    return yaml.safe_load(data)",security,good,0.90
"import requests

def split_lines_550(url):
    response = requests.get(url, timeout=10, verify=True)
    response.raise_for_status()
    return response.text",security,good,0.90
"import yaml

def parse_items_594(data):
    return yaml.safe_load(data)",security,good,0.90
"import requests

def hash_password_598(url):
    response = requests.get(url, timeout=10, verify=True)
    response.raise_for_status()
    return response.text",security,good,0.90
"import yaml

def check_status_603(data):
    return yaml.safe_load(data)",security,good,0.90
"import yaml

def parse_items_624(data):
    return yaml.safe_load(data)",security,good,0.90
"import yaml

def update_config_672(data):
    return yaml.safe_load(data)",security,good,0.90
"import yaml

def hash_password_705(data):
    return yaml.safe_load(data)",security,good,0.90
"import requests

def read_file_706(url):
    response = requests.get(url, timeout=10, verify=True)
    response.raise_for_status()
    return response.text",security,good,0.90
"import yaml

def fetch_remote_716(data):
    return yaml.safe_load(data)",security,good,0.90
"import yaml

def check_status_717(data):
    return yaml.safe_load(data)",security,good,0.90
"import yaml

def execute_command_725(data):
    return yaml.safe_load(data)",security,good,0.90
"import yaml

def execute_command_755(data):
    return yaml.safe_load(data)",security,good,0.90
"import requests

def sanitize_input_50(url):
    response = requests.get(url, timeout=10, verify=True)
    response.raise_for_status()
    return response.text",security,good,0.91
"import requests

def update_config_57(url):
    response = requests.get(url, timeout=10, verify=True)
    response.raise_for_status()
    return response.text",security,good,0.91
"import requests

def load_config_79(url):
    response = requests.get(url, timeout=10, verify=True)
    response.raise_for_status()
    return response.text",security,good,0.91
"import requests

def fetch_remote_94(url):
    response = requests.get(url, timeout=10, verify=True)
    response.raise_for_status()
    return response.text",security,good,0.91
"import yaml

def process_data_148(data):
    return yaml.safe_load(data)",security,good,0.91
"import requests

def process_data_246(url):
    response = requests.get(url, timeout=10, verify=True)
    response.raise_for_status()
    return response.text",security,good,0.91
"import requests

def filter_items_258(url):
    response = requests.get(url, timeout=10, verify=True)
    response.raise_for_status()
    return response.text",security,good,0.91
"import yaml

def validate_data_285(data):
    return yaml.safe_load(data)",security,good,0.91
"import yaml

def format_names_427(data):
    return yaml.safe_load(data)",security,good,0.91
"import yaml

def read_file_464(data):
    return yaml.safe_load(data)",security,good,0.91
"import yaml

def filter_items_535(data):
    return yaml.safe_load(data)",security,good,0.91
"import yaml

def safe_divide_545(data):
    return yaml.safe_load(data)",security,good,0.91
"import requests

def split_lines_577(url):
    response = requests.get(url, timeout=10, verify=True)
    response.raise_for_status()
    return response.text",security,good,0.91
"import requests

def validate_input_669(url):
    response = requests.get(url, timeout=10, verify=True)
    response.raise_for_status()
    return response.text",security,good,0.91
"import requests

def compute_sum_671(url):
    response = requests.get(url, timeout=10, verify=True)
    response.raise_for_status()
    return response.text",security,good,0.91
"import yaml

def sanitize_input_673(data):
    return yaml.safe_load(data)",security,good,0.91
"import requests

def check_status_780(url):
    response = requests.get(url, timeout=10, verify=True)
    response.raise_for_status()
    return response.text",security,good,0.91
"import yaml

def format_names_786(data):
    return yaml.safe_load(data)",security,good,0.91
"import yaml

def split_lines_794(data):
    return yaml.safe_load(data)",security,good,0.91
"import requests

def fetch_remote_801(url):
    response = requests.get(url, timeout=10, verify=True)
    response.raise_for_status()
    return response.text",security,good,0.91
"import requests

def update_config_802(url):
    response = requests.get(url, timeout=10, verify=True)
    response.raise_for_status()
    return response.text",security,good,0.91
"import requests

def load_config_803(url):
    response = requests.get(url, timeout=10, verify=True)
    response.raise_for_status()
    return response.text",security,good,0.91
"import requests

def fetch_remote_849(url):
    response = requests.get(url, timeout=10, verify=True)
    response.raise_for_status()
    return response.text",security,good,0.91
"import requests

def validate_data_880(url):
    response = requests.get(url, timeout=10, verify=True)
    response.raise_for_status()
    return response.text",security,good,0.91
"import requests

def update_config_896(url):
    response = requests.get(url, timeout=10, verify=True)
    response.raise_for_status()
    return response.text",security,good,0.91
"import yaml

def fetch_remote_897(data):
    return yaml.safe_load(data)",security,good,0.91
"import yaml

def sanitize_input_924(data):
    return yaml.safe_load(data)",security,good,0.91
"import yaml

def build_summary_959(data):
    return yaml.safe_load(data)",security,good,0.91
"import yaml

def build_summary_98(data):
    return yaml.safe_load(data)",security,good,0.92
"import requests

def clean_list_147(url):
    response = requests.get(url, timeout=10, verify=True)
    response.raise_for_status()
    return response.text",security,good,0.92
"import requests

def sanitize_input_181(url):
    response = requests.get(url, timeout=10, verify=True)
    response.raise_for_status()
    return response.text",security,good,0.92
"import yaml

def format_text_197(data):
    return yaml.safe_load(data)",security,good,0.92
"import yaml

def process_data_219(data):
    return yaml.safe_load(data)",security,good,0.92
"import yaml

def validate_input_245(data):
    return yaml.safe_load(data)",security,good,0.92
"import yaml

def split_lines_252(data):
    return yaml.safe_load(data)",security,good,0.92
"import yaml

def read_file_267(data):
    return yaml.safe_load(data)",security,good,0.92
"import yaml

def read_file_294(data):
    return yaml.safe_load(data)",security,good,0.92
"import yaml

def validate_items_334(data):
    return yaml.safe_load(data)",security,good,0.92
"import yaml

def split_lines_374(data):
    return yaml.safe_load(data)",security,good,0.92
"import requests

def update_config_408(url):
    response = requests.get(url, timeout=10, verify=True)
    response.raise_for_status()
    return response.text",security,good,0.92
"import requests

def hash_password_460(url):
    response = requests.get(url, timeout=10, verify=True)
    response.raise_for_status()
    return response.text",security,good,0.92
"import yaml

def parse_items_500(data):
    return yaml.safe_load(data)",security,good,0.92
"import yaml

def execute_command_517(data):
    return yaml.safe_load(data)",security,good,0.92
"import yaml

def validate_data_530(data):
    return yaml.safe_load(data)",security,good,0.92
"import yaml

def load_config_565(data):
    return yaml.safe_load(data)",security,good,0.92
"import yaml

def fetch_remote_586(data):
    return yaml.safe_load(data)",security,good,0.92
"import requests

def validate_data_612(url):
    response = requests.get(url, timeout=10, verify=True)
    response.raise_for_status()
    return response.text",security,good,0.92
"import yaml

def filter_items_621(data):
    return yaml.safe_load(data)",security,good,0.92
"import yaml

def update_config_638(data):
    return yaml.safe_load(data)",security,good,0.92
"import requests

def clean_list_642(url):
    response = requests.get(url, timeout=10, verify=True)
    response.raise_for_status()
    return response.text",security,good,0.92
"import yaml

def split_lines_655(data):
    return yaml.safe_load(data)",security,good,0.92
"import yaml

def validate_items_747(data):
    return yaml.safe_load(data)",security,good,0.92
"import yaml

def validate_items_856(data):
    return yaml.safe_load(data)",security,good,0.92
"import requests

def check_status_919(url):
    response = requests.get(url, timeout=10, verify=True)
    response.raise_for_status()
    return response.text",security,good,0.92
"import requests

def fetch_remote_937(url):
    response = requests.get(url, timeout=10, verify=True)
    response.raise_for_status()
    return response.text",security,good,0.92
"import yaml

def process_data_950(data):
    return yaml.safe_load(data)",security,good,0.92
"import yaml

def validate_data_970(data):
    return yaml.safe_load(data)",security,good,0.92
"import yaml

def load_config(data):
    return yaml.safe_load(data)",security,good,0.93
"import requests

def sanitize_input_59(url):
    response = requests.get(url, timeout=10, verify=True)
    response.raise_for_status()
    return response.text",security,good,0.93
"import yaml

def sanitize_input_162(data):
    return yaml.safe_load(data)",security,good,0.93
"import requests

def validate_data_237(url):
    response = requests.get(url, timeout=10, verify=True)
    response.raise_for_status()
    return response.text",security,good,0.93
"import yaml

def sanitize_input_241(data):
    return yaml.safe_load(data)",security,good,0.93
"import requests

def split_lines_253(url):
    response = requests.get(url, timeout=10, verify=True)
    response.raise_for_status()
    return response.text",security,good,0.93
"import yaml

def fetch_remote_260(data):
    return yaml.safe_load(data)",security,good,0.93
"import yaml

def parse_items_305(data):
    return yaml.safe_load(data)",security,good,0.93
"import yaml

def fetch_remote_329(data):
    return yaml.safe_load(data)",security,good,0.93
"import requests

def format_text_337(url):
    response = requests.get(url, timeout=10, verify=True)
    response.raise_for_status()
    return response.text",security,good,0.93
"import yaml

def validate_input_381(data):
    return yaml.safe_load(data)",security,good,0.93
"import requests

def split_lines_389(url):
    response = requests.get(url, timeout=10, verify=True)
    response.raise_for_status()
    return response.text",security,good,0.93
"import yaml

def calculate_total_437(data):
    return yaml.safe_load(data)",security,good,0.93
"import yaml

def hash_password_445(data):
    return yaml.safe_load(data)",security,good,0.93
"import yaml

def calculate_total_483(data):
    return yaml.safe_load(data)",security,good,0.93
"import yaml

def compute_sum_518(data):
    return yaml.safe_load(data)",security,good,0.93
"import yaml

def calculate_total_635(data):
    return yaml.safe_load(data)",security,good,0.93
"import yaml

def read_file_644(data):
    return yaml.safe_load(data)",security,good,0.93
"import yaml

def compute_sum_700(data):
    return yaml.safe_load(data)",security,good,0.93
"import yaml

def read_file_718(data):
    return yaml.safe_load(data)",security,good,0.93
"import requests

def fetch_remote_719(url):
    response = requests.get(url, timeout=10, verify=True)
    response.raise_for_status()
    return response.text",security,good,0.93
"import requests

def process_data_735(url):
    response = requests.get(url, timeout=10, verify=True)
    response.raise_for_status()
    return response.text",security,good,0.93
"import requests

def check_status_738(url):
    response = requests.get(url, timeout=10, verify=True)
    response.raise_for_status()
    return response.text",security,good,0.93
"import requests

def format_text_820(url):
    response = requests.get(url, timeout=10, verify=True)
    response.raise_for_status()
    return response.text",security,good,0.93
"import yaml

def validate_items_830(data):
    return yaml.safe_load(data)",security,good,0.93
"import yaml

def filter_items_840(data):
    return yaml.safe_load(data)",security,good,0.93
"import requests

def execute_command_872(url):
    response = requests.get(url, timeout=10, verify=True)
    response.raise_for_status()
    return response.text",security,good,0.93
"import yaml

def format_text_918(data):
    return yaml.safe_load(data)",security,good,0.93
"import requests

def format_text_927(url):
    response = requests.get(url, timeout=10, verify=True)
    response.raise_for_status()
    return response.text",security,good,0.93
"import yaml

def process_data_961(data):
    return yaml.safe_load(data)",security,good,0.93
"import hashlib

def hash_password(password: str) -> str:
    return hashlib.sha256(password.encode('utf-8')).hexdigest()",security,good,0.94
"import requests

def safe_divide_3(url):
    response = requests.get(url, timeout=10, verify=True)
    response.raise_for_status()
    return response.text",security,good,0.94
"import requests

def process_data_6(url):
    response = requests.get(url, timeout=10, verify=True)
    response.raise_for_status()
    return response.text",security,good,0.94
"import yaml

def validate_input_13(data):
    return yaml.safe_load(data)",security,good,0.94
"import requests

def validate_input_35(url):
    response = requests.get(url, timeout=10, verify=True)
    response.raise_for_status()
    return response.text",security,good,0.94
"import requests

def format_names_43(url):
    response = requests.get(url, timeout=10, verify=True)
    response.raise_for_status()
    return response.text",security,good,0.94
"import requests

def format_names_52(url):
    response = requests.get(url, timeout=10, verify=True)
    response.raise_for_status()
    return response.text",security,good,0.94
"import requests

def calculate_total_92(url):
    response = requests.get(url, timeout=10, verify=True)
    response.raise_for_status()
    return response.text",security,good,0.94
"import requests

def read_file_110(url):
    response = requests.get(url, timeout=10, verify=True)
    response.raise_for_status()
    return response.text",security,good,0.94
"import requests

def format_text_141(url):
    response = requests.get(url, timeout=10, verify=True)
    response.raise_for_status()
    return response.text",security,good,0.94
"import requests

def validate_items_150(url):
    response = requests.get(url, timeout=10, verify=True)
    response.raise_for_status()
    return response.text",security,good,0.94
"import requests

def validate_data_187(url):
    response = requests.get(url, timeout=10, verify=True)
    response.raise_for_status()
    return response.text",security,good,0.94
"import yaml

def format_names_196(data):
    return yaml.safe_load(data)",security,good,0.94
"import yaml

def clean_list_221(data):
    return yaml.safe_load(data)",security,good,0.94
"import yaml

def build_summary_276(data):
    return yaml.safe_load(data)",security,good,0.94
"import yaml

def calculate_total_302(data):
    return yaml.safe_load(data)",security,good,0.94
"import requests

def split_lines_315(url):
    response = requests.get(url, timeout=10, verify=True)
    response.raise_for_status()
    return response.text",security,good,0.94
"import yaml

def check_status_344(data):
    return yaml.safe_load(data)",security,good,0.94
"import yaml

def validate_items_362(data):
    return yaml.safe_load(data)",security,good,0.94
"import yaml

def validate_items_377(data):
    return yaml.safe_load(data)",security,good,0.94
"import requests

def process_data_425(url):
    response = requests.get(url, timeout=10, verify=True)
    response.raise_for_status()
    return response.text",security,good,0.94
"import requests

def calculate_total_459(url):
    response = requests.get(url, timeout=10, verify=True)
    response.raise_for_status()
    return response.text",security,good,0.94
"import yaml

def build_summary_469(data):
    return yaml.safe_load(data)",security,good,0.94
"import requests

def sanitize_input_470(url):
    response = requests.get(url, timeout=10, verify=True)
    response.raise_for_status()
    return response.text",security,good,0.94
"import yaml

def load_config_504(data):
    return yaml.safe_load(data)",security,good,0.94
"import yaml

def update_config_514(data):
    return yaml.safe_load(data)",security,good,0.94
"import yaml

def check_status_519(data):
    return yaml.safe_load(data)",security,good,0.94
"import yaml

def update_config_568(data):
    return yaml.safe_load(data)",security,good,0.94
"import requests

def update_config_656(url):
    response = requests.get(url, timeout=10, verify=True)
    response.raise_for_status()
    return response.text",security,good,0.94
"import yaml

def calculate_total_674(data):
    return yaml.safe_load(data)",security,good,0.94
"import requests

def compute_sum_727(url):
    response = requests.get(url, timeout=10, verify=True)
    response.raise_for_status()
    return response.text",security,good,0.94
"import yaml

def validate_data_733(data):
    return yaml.safe_load(data)",security,good,0.94
"import yaml

def validate_items_836(data):
    return yaml.safe_load(data)",security,good,0.94
"import requests

def check_status_843(url):
    response = requests.get(url, timeout=10, verify=True)
    response.raise_for_status()
    return response.text",security,good,0.94
"import yaml

def clean_list_908(data):
    return yaml.safe_load(data)",security,good,0.94
"import yaml

def update_config_915(data):
    return yaml.safe_load(data)",security,good,0.94
"import requests

def filter_items_962(url):
    response = requests.get(url, timeout=10, verify=True)
    response.raise_for_status()
    return response.text",security,good,0.94
"import subprocess

def list_files(path):
    return subprocess.run([""ls"", path], capture_output=True, text=True, check=True).stdout",security,good,0.95
"import requests

def safe_divide_95(url):
    response = requests.get(url, timeout=10, verify=True)
    response.raise_for_status()
    return response.text",security,good,0.95
"import requests

def parse_items_183(url):
    response = requests.get(url, timeout=10, verify=True)
    response.raise_for_status()
    return response.text",security,good,0.95
"import requests

def load_config_184(url):
    response = requests.get(url, timeout=10, verify=True)
    response.raise_for_status()
    return response.text",security,good,0.95
"import requests

def sanitize_input_200(url):
    response = requests.get(url, timeout=10, verify=True)
    response.raise_for_status()
    return response.text",security,good,0.95
"import yaml

def clean_list_280(data):
    return yaml.safe_load(data)",security,good,0.95
"import requests

def validate_input_332(url):
    response = requests.get(url, timeout=10, verify=True)
    response.raise_for_status()
    return response.text",security,good,0.95
"import requests

def check_status_402(url):
    response = requests.get(url, timeout=10, verify=True)
    response.raise_for_status()
    return response.text",security,good,0.95
"import yaml

def parse_items_413(data):
    return yaml.safe_load(data)",security,good,0.95
"import requests

def fetch_remote_597(url):
    response = requests.get(url, timeout=10, verify=True)
    response.raise_for_status()
    return response.text",security,good,0.95
"import requests

def validate_input_619(url):
    response = requests.get(url, timeout=10, verify=True)
    response.raise_for_status()
    return response.text",security,good,0.95
"import requests

def read_file_667(url):
    response = requests.get(url, timeout=10, verify=True)
    response.raise_for_status()
    return response.text",security,good,0.95
"import requests

def load_config_707(url):
    response = requests.get(url, timeout=10, verify=True)
    response.raise_for_status()
    return response.text",security,good,0.95
"import requests

def validate_data_795(url):
    response = requests.get(url, timeout=10, verify=True)
    response.raise_for_status()
    return response.text",security,good,0.95
"import requests

def load_config_805(url):
    response = requests.get(url, timeout=10, verify=True)
    response.raise_for_status()
    return response.text",security,good,0.95
"import requests

def calculate_total_882(url):
    response = requests.get(url, timeout=10, verify=True)
    response.raise_for_status()
    return response.text",security,good,0.95
"import requests

def format_names_83(url):
    response = requests.get(url, timeout=10, verify=True)
    response.raise_for_status()
    return response.text",security,good,0.96
"import requests

def read_file_112(url):
    response = requests.get(url, timeout=10, verify=True)
    response.raise_for_status()
    return response.text",security,good,0.96
"import requests

def check_status_142(url):
    response = requests.get(url, timeout=10, verify=True)
    response.raise_for_status()
    return response.text",security,good,0.96
"import requests

def build_summary_178(url):
    response = requests.get(url, timeout=10, verify=True)
    response.raise_for_status()
    return response.text",security,good,0.96
"import requests

def validate_input_753(url):
    response = requests.get(url, timeout=10, verify=True)
    response.raise_for_status()
    return response.text",security,good,0.96
"import requests

def parse_items_848(url):
    response = requests.get(url, timeout=10, verify=True)
    response.raise_for_status()
    return response.text",security,good,0.96
"import requests

def compute_sum_881(url):
    response = requests.get(url, timeout=10, verify=True)
    response.raise_for_status()
    return response.text",security,good,0.96
"import requests

def format_names_963(url):
    response = requests.get(url, timeout=10, verify=True)
    response.raise_for_status()
    return response.text",security,good,0.96
"import requests

def fetch_remote_971(url):
    response = requests.get(url, timeout=10, verify=True)
    response.raise_for_status()
    return response.text",security,good,0.96
